user_id,account_id,role,country,platform,days_since_last_active
fw_usr_0000000,fw_acc_00000,primary,US,ios,63
fw_usr_0000001,fw_acc_00001,primary,US,ios,77
fw_usr_0000002,fw_acc_00002,primary,US,ios,74
fw_usr_0000003,fw_acc_00003,primary,US,ios,36
fw_usr_0000004,fw_acc_00004,primary,US,ios,4
fw_usr_0000005,fw_acc_00005,primary,US,android,50
fw_usr_0000006,fw_acc_00006,primary,US,ios,72
fw_usr_0000007,fw_acc_00007,primary,US,android,74
fw_usr_0000008,fw_acc_00008,primary,US,android,60
fw_usr_0000009,fw_acc_00009,primary,US,ios,52
fw_usr_0000010,fw_acc_00010,primary,US,ios,65
fw_usr_0000011,fw_acc_00011,primary,US,ios,48
fw_usr_0000012,fw_acc_00012,primary,US,android,83
fw_usr_0000013,fw_acc_00013,primary,US,android,90
fw_usr_0000014,fw_acc_00014,primary,US,ios,51
fw_usr_0000015,fw_acc_00015,primary,US,android,81
fw_usr_0000016,fw_acc_00016,primary,US,ios,30
fw_usr_0000017,fw_acc_00017,primary,US,ios,39
fw_usr_0000018,fw_acc_00018,primary,US,ios,85
fw_usr_0000019,fw_acc_00019,primary,US,ios,43
fw_usr_0000020,fw_acc_00020,primary,US,ios,30
fw_usr_0000021,fw_acc_00021,primary,US,ios,39
fw_usr_0000022,fw_acc_00022,primary,US,ios,39
fw_usr_0000023,fw_acc_00023,primary,US,ios,4
fw_usr_0000024,fw_acc_00024,primary,US,ios,33
fw_usr_0000025,fw_acc_00025,primary,US,ios,75
fw_usr_0000026,fw_acc_00026,primary,US,android,15
fw_usr_0000027,fw_acc_00027,primary,US,ios,18
fw_usr_0000028,fw_acc_00028,primary,US,android,13
fw_usr_0000029,fw_acc_00029,primary,US,ios,57
fw_usr_0000030,fw_acc_00030,primary,US,ios,16
fw_usr_0000031,fw_acc_00031,primary,US,ios,76
fw_usr_0000032,fw_acc_00032,primary,US,android,9
fw_usr_0000033,fw_acc_00033,primary,US,ios,36
fw_usr_0000034,fw_acc_00034,primary,US,ios,42
fw_usr_0000035,fw_acc_00035,primary,US,android,88
fw_usr_0000036,fw_acc_00036,primary,US,ios,67
fw_usr_0000037,fw_acc_00037,primary,US,ios,30
fw_usr_0000038,fw_acc_00038,primary,US,ios,61
fw_usr_0000039,fw_acc_00039,primary,US,android,55
fw_usr_0000040,fw_acc_00040,primary,US,android,37
fw_usr_0000041,fw_acc_00041,primary,US,android,82
fw_usr_0000042,fw_acc_00042,primary,US,ios,90
fw_usr_0000043,fw_acc_00043,primary,US,ios,65
fw_usr_0000044,fw_acc_00044,primary,US,android,49
fw_usr_0000045,fw_acc_00045,primary,US,ios,90
fw_usr_0000046,fw_acc_00046,primary,US,android,87
fw_usr_0000047,fw_acc_00047,primary,US,ios,60
fw_usr_0000048,fw_acc_00048,primary,US,android,32
fw_usr_0000049,fw_acc_00049,primary,US,android,46
fw_usr_0000050,fw_acc_00050,primary,US,ios,20
fw_usr_0000051,fw_acc_00051,primary,US,ios,50
fw_usr_0000052,fw_acc_00052,primary,US,ios,52
fw_usr_0000053,fw_acc_00053,primary,US,ios,8
fw_usr_0000054,fw_acc_00054,primary,US,ios,32
fw_usr_0000055,fw_acc_00055,primary,US,android,54
fw_usr_0000056,fw_acc_00056,primary,US,ios,23
fw_usr_0000057,fw_acc_00057,primary,US,android,63
fw_usr_0000058,fw_acc_00058,primary,US,ios,59
fw_usr_0000059,fw_acc_00059,primary,US,ios,84
fw_usr_0000060,fw_acc_00060,primary,US,ios,80
fw_usr_0000061,fw_acc_00061,primary,US,ios,90
fw_usr_0000062,fw_acc_00062,primary,US,ios,41
fw_usr_0000063,fw_acc_00063,primary,US,ios,38
fw_usr_0000064,fw_acc_00064,primary,US,android,41
fw_usr_0000065,fw_acc_00065,primary,US,android,57
fw_usr_0000066,fw_acc_00066,primary,US,ios,84
fw_usr_0000067,fw_acc_00067,primary,US,android,88
fw_usr_0000068,fw_acc_00068,primary,US,android,72
fw_usr_0000069,fw_acc_00069,primary,US,ios,41
fw_usr_0000070,fw_acc_00070,primary,US,android,0
fw_usr_0000071,fw_acc_00071,primary,US,ios,46
fw_usr_0000072,fw_acc_00072,primary,US,ios,53
fw_usr_0000073,fw_acc_00073,primary,US,ios,11
fw_usr_0000074,fw_acc_00074,primary,US,ios,62
fw_usr_0000075,fw_acc_00075,primary,US,ios,42
fw_usr_0000076,fw_acc_00076,primary,US,android,18
fw_usr_0000077,fw_acc_00077,primary,US,ios,5
fw_usr_0000078,fw_acc_00078,primary,US,android,17
fw_usr_0000079,fw_acc_00079,primary,US,ios,30
fw_usr_0000080,fw_acc_00080,primary,US,ios,65
fw_usr_0000081,fw_acc_00081,primary,US,ios,77
fw_usr_0000082,fw_acc_00082,primary,US,ios,63
fw_usr_0000083,fw_acc_00083,primary,US,android,35
fw_usr_0000084,fw_acc_00084,primary,US,ios,25
fw_usr_0000085,fw_acc_00085,primary,US,ios,56
fw_usr_0000086,fw_acc_00086,primary,US,android,4
fw_usr_0000087,fw_acc_00087,primary,US,ios,1
fw_usr_0000088,fw_acc_00088,primary,US,android,53
fw_usr_0000089,fw_acc_00089,primary,US,ios,43
fw_usr_0000090,fw_acc_00090,primary,US,android,53
fw_usr_0000091,fw_acc_00091,primary,US,ios,43
fw_usr_0000092,fw_acc_00092,primary,US,ios,0
fw_usr_0000093,fw_acc_00093,primary,US,ios,13
fw_usr_0000094,fw_acc_00094,primary,US,android,61
fw_usr_0000095,fw_acc_00095,primary,US,ios,64
fw_usr_0000096,fw_acc_00096,primary,US,ios,25
fw_usr_0000097,fw_acc_00097,primary,US,ios,27
fw_usr_0000098,fw_acc_00098,primary,US,ios,18
fw_usr_0000099,fw_acc_00099,primary,US,ios,42
fw_usr_0000100,fw_acc_00100,primary,US,android,87
fw_usr_0000101,fw_acc_00101,primary,US,ios,84
fw_usr_0000102,fw_acc_00102,primary,US,android,47
fw_usr_0000103,fw_acc_00103,primary,US,ios,67
fw_usr_0000104,fw_acc_00104,primary,US,ios,50
fw_usr_0000105,fw_acc_00105,primary,US,ios,67
fw_usr_0000106,fw_acc_00106,primary,US,ios,78
fw_usr_0000107,fw_acc_00107,primary,US,ios,78
fw_usr_0000108,fw_acc_00108,primary,US,ios,25
fw_usr_0000109,fw_acc_00109,primary,US,android,55
fw_usr_0000110,fw_acc_00110,primary,US,ios,59
fw_usr_0000111,fw_acc_00111,primary,US,android,65
fw_usr_0000112,fw_acc_00112,primary,US,android,37
fw_usr_0000113,fw_acc_00113,primary,US,ios,68
fw_usr_0000114,fw_acc_00114,primary,US,android,58
fw_usr_0000115,fw_acc_00115,primary,US,ios,48
fw_usr_0000116,fw_acc_00116,primary,US,ios,42
fw_usr_0000117,fw_acc_00117,primary,US,ios,2
fw_usr_0000118,fw_acc_00118,primary,US,android,52
fw_usr_0000119,fw_acc_00119,primary,US,android,75
fw_usr_0000120,fw_acc_00120,primary,US,android,80
fw_usr_0000121,fw_acc_00121,primary,US,android,60
fw_usr_0000122,fw_acc_00122,primary,US,ios,53
fw_usr_0000123,fw_acc_00123,primary,US,ios,59
fw_usr_0000124,fw_acc_00124,primary,US,android,77
fw_usr_0000125,fw_acc_00125,primary,US,ios,73
fw_usr_0000126,fw_acc_00126,primary,US,ios,29
fw_usr_0000127,fw_acc_00127,primary,US,android,40
fw_usr_0000128,fw_acc_00128,primary,US,android,75
fw_usr_0000129,fw_acc_00129,primary,US,android,28
fw_usr_0000130,fw_acc_00130,primary,US,ios,57
fw_usr_0000131,fw_acc_00131,primary,US,android,33
fw_usr_0000132,fw_acc_00132,primary,US,ios,87
fw_usr_0000133,fw_acc_00133,primary,US,android,83
fw_usr_0000134,fw_acc_00134,primary,US,ios,82
fw_usr_0000135,fw_acc_00135,primary,US,ios,29
fw_usr_0000136,fw_acc_00136,primary,US,ios,85
fw_usr_0000137,fw_acc_00137,primary,US,android,74
fw_usr_0000138,fw_acc_00138,primary,US,android,32
fw_usr_0000139,fw_acc_00139,primary,US,android,50
fw_usr_0000140,fw_acc_00140,primary,US,android,33
fw_usr_0000141,fw_acc_00141,primary,US,android,0
fw_usr_0000142,fw_acc_00142,primary,US,android,67
fw_usr_0000143,fw_acc_00143,primary,US,ios,29
fw_usr_0000144,fw_acc_00144,primary,US,ios,5
fw_usr_0000145,fw_acc_00145,primary,US,android,28
fw_usr_0000146,fw_acc_00146,primary,US,ios,45
fw_usr_0000147,fw_acc_00147,primary,US,android,30
fw_usr_0000148,fw_acc_00148,primary,US,ios,55
fw_usr_0000149,fw_acc_00149,primary,US,android,6
fw_usr_0000150,fw_acc_00150,primary,US,ios,9
fw_usr_0000151,fw_acc_00151,primary,US,android,35
fw_usr_0000152,fw_acc_00152,primary,US,ios,68
fw_usr_0000153,fw_acc_00153,primary,US,ios,69
fw_usr_0000154,fw_acc_00154,primary,US,ios,31
fw_usr_0000155,fw_acc_00155,primary,US,android,64
fw_usr_0000156,fw_acc_00156,primary,US,ios,80
fw_usr_0000157,fw_acc_00157,primary,US,android,39
fw_usr_0000158,fw_acc_00158,primary,US,android,76
fw_usr_0000159,fw_acc_00159,primary,US,ios,84
fw_usr_0000160,fw_acc_00160,primary,US,android,61
fw_usr_0000161,fw_acc_00161,primary,US,ios,74
fw_usr_0000162,fw_acc_00162,primary,US,android,64
fw_usr_0000163,fw_acc_00163,primary,US,android,65
fw_usr_0000164,fw_acc_00164,primary,US,ios,79
fw_usr_0000165,fw_acc_00165,primary,US,android,14
fw_usr_0000166,fw_acc_00166,primary,US,android,30
fw_usr_0000167,fw_acc_00167,primary,US,android,49
fw_usr_0000168,fw_acc_00168,primary,US,android,71
fw_usr_0000169,fw_acc_00169,primary,US,ios,41
fw_usr_0000170,fw_acc_00170,primary,US,ios,69
fw_usr_0000171,fw_acc_00171,primary,US,android,42
fw_usr_0000172,fw_acc_00172,primary,US,android,1
fw_usr_0000173,fw_acc_00173,primary,US,android,87
fw_usr_0000174,fw_acc_00174,primary,US,ios,35
fw_usr_0000175,fw_acc_00175,primary,US,ios,71
fw_usr_0000176,fw_acc_00176,primary,US,android,31
fw_usr_0000177,fw_acc_00177,primary,US,ios,61
fw_usr_0000178,fw_acc_00178,primary,US,android,2
fw_usr_0000179,fw_acc_00179,primary,US,ios,12
fw_usr_0000180,fw_acc_00180,primary,US,ios,16
fw_usr_0000181,fw_acc_00181,primary,US,ios,33
fw_usr_0000182,fw_acc_00182,primary,US,ios,72
fw_usr_0000183,fw_acc_00183,primary,US,android,72
fw_usr_0000184,fw_acc_00184,primary,US,ios,32
fw_usr_0000185,fw_acc_00185,primary,US,android,53
fw_usr_0000186,fw_acc_00186,primary,US,android,87
fw_usr_0000187,fw_acc_00187,primary,US,android,54
fw_usr_0000188,fw_acc_00188,primary,US,ios,26
fw_usr_0000189,fw_acc_00189,primary,US,ios,20
fw_usr_0000190,fw_acc_00190,primary,US,android,46
fw_usr_0000191,fw_acc_00191,primary,US,ios,12
fw_usr_0000192,fw_acc_00192,primary,US,android,49
fw_usr_0000193,fw_acc_00193,primary,US,android,74
fw_usr_0000194,fw_acc_00194,primary,US,ios,70
fw_usr_0000195,fw_acc_00195,primary,US,ios,81
fw_usr_0000196,fw_acc_00196,primary,US,ios,8
fw_usr_0000197,fw_acc_00197,primary,US,android,39
fw_usr_0000198,fw_acc_00198,primary,US,android,15
fw_usr_0000199,fw_acc_00199,primary,US,android,0
fw_usr_0000200,fw_acc_00200,primary,US,android,30
fw_usr_0000201,fw_acc_00201,primary,US,ios,8
fw_usr_0000202,fw_acc_00202,primary,US,android,41
fw_usr_0000203,fw_acc_00203,primary,US,android,78
fw_usr_0000204,fw_acc_00204,primary,US,ios,57
fw_usr_0000205,fw_acc_00205,primary,US,android,37
fw_usr_0000206,fw_acc_00206,primary,US,ios,79
fw_usr_0000207,fw_acc_00207,primary,US,android,59
fw_usr_0000208,fw_acc_00208,primary,US,ios,65
fw_usr_0000209,fw_acc_00209,primary,US,ios,60
fw_usr_0000210,fw_acc_00210,primary,US,android,85
fw_usr_0000211,fw_acc_00211,primary,US,ios,78
fw_usr_0000212,fw_acc_00212,primary,US,android,80
fw_usr_0000213,fw_acc_00213,primary,US,ios,10
fw_usr_0000214,fw_acc_00214,primary,US,ios,80
fw_usr_0000215,fw_acc_00215,primary,US,ios,52
fw_usr_0000216,fw_acc_00216,primary,US,ios,22
fw_usr_0000217,fw_acc_00217,primary,US,android,81
fw_usr_0000218,fw_acc_00218,primary,US,ios,24
fw_usr_0000219,fw_acc_00219,primary,US,android,69
fw_usr_0000220,fw_acc_00220,primary,US,android,32
fw_usr_0000221,fw_acc_00221,primary,US,android,2
fw_usr_0000222,fw_acc_00222,primary,US,android,79
fw_usr_0000223,fw_acc_00223,primary,US,android,11
fw_usr_0000224,fw_acc_00224,primary,US,ios,8
fw_usr_0000225,fw_acc_00225,primary,US,ios,20
fw_usr_0000226,fw_acc_00226,primary,US,android,18
fw_usr_0000227,fw_acc_00227,primary,US,ios,43
fw_usr_0000228,fw_acc_00228,primary,US,ios,20
fw_usr_0000229,fw_acc_00229,primary,US,ios,66
fw_usr_0000230,fw_acc_00230,primary,US,android,64
fw_usr_0000231,fw_acc_00231,primary,US,android,24
fw_usr_0000232,fw_acc_00232,primary,US,android,89
fw_usr_0000233,fw_acc_00233,primary,US,ios,80
fw_usr_0000234,fw_acc_00234,primary,US,android,44
fw_usr_0000235,fw_acc_00235,primary,US,android,3
fw_usr_0000236,fw_acc_00236,primary,US,android,84
fw_usr_0000237,fw_acc_00237,primary,US,ios,49
fw_usr_0000238,fw_acc_00238,primary,US,android,55
fw_usr_0000239,fw_acc_00239,primary,US,android,13
fw_usr_0000240,fw_acc_00240,primary,US,android,65
fw_usr_0000241,fw_acc_00241,primary,US,ios,43
fw_usr_0000242,fw_acc_00242,primary,US,ios,21
fw_usr_0000243,fw_acc_00243,primary,US,android,69
fw_usr_0000244,fw_acc_00244,primary,US,android,81
fw_usr_0000245,fw_acc_00245,primary,US,android,79
fw_usr_0000246,fw_acc_00246,primary,US,ios,75
fw_usr_0000247,fw_acc_00247,primary,US,android,89
fw_usr_0000248,fw_acc_00248,primary,US,ios,8
fw_usr_0000249,fw_acc_00249,primary,US,android,29
fw_usr_0000250,fw_acc_00250,primary,US,android,84
fw_usr_0000251,fw_acc_00251,primary,US,ios,63
fw_usr_0000252,fw_acc_00252,primary,US,android,79
fw_usr_0000253,fw_acc_00253,primary,US,android,58
fw_usr_0000254,fw_acc_00254,primary,US,ios,50
fw_usr_0000255,fw_acc_00255,primary,US,ios,82
fw_usr_0000256,fw_acc_00256,primary,US,ios,47
fw_usr_0000257,fw_acc_00257,primary,US,ios,25
fw_usr_0000258,fw_acc_00258,primary,US,android,5
fw_usr_0000259,fw_acc_00259,primary,US,android,4
fw_usr_0000260,fw_acc_00260,primary,US,android,42
fw_usr_0000261,fw_acc_00261,primary,US,ios,66
fw_usr_0000262,fw_acc_00262,primary,US,ios,45
fw_usr_0000263,fw_acc_00263,primary,US,ios,2
fw_usr_0000264,fw_acc_00264,primary,US,android,85
fw_usr_0000265,fw_acc_00265,primary,US,android,47
fw_usr_0000266,fw_acc_00266,primary,US,ios,51
fw_usr_0000267,fw_acc_00267,primary,US,ios,77
fw_usr_0000268,fw_acc_00268,primary,US,android,0
fw_usr_0000269,fw_acc_00269,primary,US,ios,40
fw_usr_0000270,fw_acc_00270,primary,US,android,59
fw_usr_0000271,fw_acc_00271,primary,US,android,10
fw_usr_0000272,fw_acc_00272,primary,US,android,17
fw_usr_0000273,fw_acc_00273,primary,US,android,68
fw_usr_0000274,fw_acc_00274,primary,US,ios,66
fw_usr_0000275,fw_acc_00275,primary,US,ios,79
fw_usr_0000276,fw_acc_00276,primary,US,ios,14
fw_usr_0000277,fw_acc_00277,primary,US,android,38
fw_usr_0000278,fw_acc_00278,primary,US,android,61
fw_usr_0000279,fw_acc_00279,primary,US,android,70
fw_usr_0000280,fw_acc_00280,primary,US,android,76
fw_usr_0000281,fw_acc_00281,primary,US,ios,37
fw_usr_0000282,fw_acc_00282,primary,US,ios,79
fw_usr_0000283,fw_acc_00283,primary,US,ios,80
fw_usr_0000284,fw_acc_00284,primary,US,ios,50
fw_usr_0000285,fw_acc_00285,primary,US,ios,49
fw_usr_0000286,fw_acc_00286,primary,US,android,82
fw_usr_0000287,fw_acc_00287,primary,US,ios,54
fw_usr_0000288,fw_acc_00288,primary,US,android,37
fw_usr_0000289,fw_acc_00289,primary,US,ios,4
fw_usr_0000290,fw_acc_00290,primary,US,ios,13
fw_usr_0000291,fw_acc_00291,primary,US,ios,7
fw_usr_0000292,fw_acc_00292,primary,US,android,38
fw_usr_0000293,fw_acc_00293,primary,US,ios,85
fw_usr_0000294,fw_acc_00294,primary,US,android,74
fw_usr_0000295,fw_acc_00295,primary,US,android,82
fw_usr_0000296,fw_acc_00296,primary,US,ios,48
fw_usr_0000297,fw_acc_00297,primary,US,android,19
fw_usr_0000298,fw_acc_00298,primary,US,ios,35
fw_usr_0000299,fw_acc_00299,primary,US,android,43
fw_usr_0000300,fw_acc_00300,primary,US,ios,34
fw_usr_0000301,fw_acc_00301,primary,US,android,53
fw_usr_0000302,fw_acc_00302,primary,US,android,61
fw_usr_0000303,fw_acc_00303,primary,US,android,39
fw_usr_0000304,fw_acc_00304,primary,US,android,56
fw_usr_0000305,fw_acc_00305,primary,US,android,2
fw_usr_0000306,fw_acc_00306,primary,US,android,3
fw_usr_0000307,fw_acc_00307,primary,US,ios,36
fw_usr_0000308,fw_acc_00308,primary,US,android,41
fw_usr_0000309,fw_acc_00309,primary,US,ios,75
fw_usr_0000310,fw_acc_00310,primary,US,ios,85
fw_usr_0000311,fw_acc_00311,primary,US,android,17
fw_usr_0000312,fw_acc_00312,primary,US,ios,68
fw_usr_0000313,fw_acc_00313,primary,US,ios,84
fw_usr_0000314,fw_acc_00314,primary,US,ios,12
fw_usr_0000315,fw_acc_00315,primary,US,ios,46
fw_usr_0000316,fw_acc_00316,primary,US,ios,36
fw_usr_0000317,fw_acc_00317,primary,US,android,79
fw_usr_0000318,fw_acc_00318,primary,US,android,42
fw_usr_0000319,fw_acc_00319,primary,US,android,40
fw_usr_0000320,fw_acc_00320,primary,US,ios,15
fw_usr_0000321,fw_acc_00321,primary,US,android,23
fw_usr_0000322,fw_acc_00322,primary,US,android,73
fw_usr_0000323,fw_acc_00323,primary,US,android,27
fw_usr_0000324,fw_acc_00324,primary,US,ios,74
fw_usr_0000325,fw_acc_00325,primary,US,ios,10
fw_usr_0000326,fw_acc_00326,primary,US,ios,29
fw_usr_0000327,fw_acc_00327,primary,US,ios,6
fw_usr_0000328,fw_acc_00328,primary,US,android,49
fw_usr_0000329,fw_acc_00329,primary,US,android,78
fw_usr_0000330,fw_acc_00330,primary,US,android,69
fw_usr_0000331,fw_acc_00331,primary,US,android,10
fw_usr_0000332,fw_acc_00332,primary,US,ios,70
fw_usr_0000333,fw_acc_00333,primary,US,ios,85
fw_usr_0000334,fw_acc_00334,primary,US,ios,64
fw_usr_0000335,fw_acc_00335,primary,US,ios,38
fw_usr_0000336,fw_acc_00336,primary,US,android,72
fw_usr_0000337,fw_acc_00337,primary,US,android,36
fw_usr_0000338,fw_acc_00338,primary,US,android,51
fw_usr_0000339,fw_acc_00339,primary,US,ios,5
fw_usr_0000340,fw_acc_00340,primary,US,ios,39
fw_usr_0000341,fw_acc_00341,primary,US,ios,35
fw_usr_0000342,fw_acc_00342,primary,US,android,84
fw_usr_0000343,fw_acc_00343,primary,US,ios,42
fw_usr_0000344,fw_acc_00344,primary,US,ios,34
fw_usr_0000345,fw_acc_00345,primary,US,android,38
fw_usr_0000346,fw_acc_00346,primary,US,android,8
fw_usr_0000347,fw_acc_00347,primary,US,ios,90
fw_usr_0000348,fw_acc_00348,primary,US,android,30
fw_usr_0000349,fw_acc_00349,primary,US,android,87
fw_usr_0000350,fw_acc_00350,primary,US,ios,32
fw_usr_0000351,fw_acc_00351,primary,US,ios,60
fw_usr_0000352,fw_acc_00352,primary,US,ios,55
fw_usr_0000353,fw_acc_00353,primary,US,android,36
fw_usr_0000354,fw_acc_00354,primary,US,ios,33
fw_usr_0000355,fw_acc_00355,primary,US,android,67
fw_usr_0000356,fw_acc_00356,primary,US,ios,71
fw_usr_0000357,fw_acc_00357,primary,US,ios,31
fw_usr_0000358,fw_acc_00358,primary,US,ios,10
fw_usr_0000359,fw_acc_00359,primary,US,ios,40
fw_usr_0000360,fw_acc_00360,primary,US,ios,23
fw_usr_0000361,fw_acc_00361,primary,US,ios,83
fw_usr_0000362,fw_acc_00362,primary,US,ios,74
fw_usr_0000363,fw_acc_00363,primary,US,ios,13
fw_usr_0000364,fw_acc_00364,primary,US,ios,80
fw_usr_0000365,fw_acc_00365,primary,US,android,2
fw_usr_0000366,fw_acc_00366,primary,US,ios,60
fw_usr_0000367,fw_acc_00367,primary,US,ios,27
fw_usr_0000368,fw_acc_00368,primary,US,ios,38
fw_usr_0000369,fw_acc_00369,primary,US,android,21
fw_usr_0000370,fw_acc_00370,primary,US,ios,62
fw_usr_0000371,fw_acc_00371,primary,US,android,30
fw_usr_0000372,fw_acc_00372,primary,US,android,52
fw_usr_0000373,fw_acc_00373,primary,US,ios,0
fw_usr_0000374,fw_acc_00374,primary,US,android,87
fw_usr_0000375,fw_acc_00375,primary,US,ios,66
fw_usr_0000376,fw_acc_00376,primary,US,ios,34
fw_usr_0000377,fw_acc_00377,primary,US,android,73
fw_usr_0000378,fw_acc_00378,primary,US,ios,24
fw_usr_0000379,fw_acc_00379,primary,US,ios,63
fw_usr_0000380,fw_acc_00380,primary,US,android,45
fw_usr_0000381,fw_acc_00381,primary,US,android,7
fw_usr_0000382,fw_acc_00382,primary,US,android,55
fw_usr_0000383,fw_acc_00383,primary,US,ios,27
fw_usr_0000384,fw_acc_00384,primary,US,ios,78
fw_usr_0000385,fw_acc_00385,primary,US,ios,85
fw_usr_0000386,fw_acc_00386,primary,US,android,42
fw_usr_0000387,fw_acc_00387,primary,US,ios,67
fw_usr_0000388,fw_acc_00388,primary,US,ios,37
fw_usr_0000389,fw_acc_00389,primary,US,ios,44
fw_usr_0000390,fw_acc_00390,primary,US,ios,17
fw_usr_0000391,fw_acc_00391,primary,US,android,51
fw_usr_0000392,fw_acc_00392,primary,US,ios,56
fw_usr_0000393,fw_acc_00393,primary,US,ios,48
fw_usr_0000394,fw_acc_00394,primary,US,android,45
fw_usr_0000395,fw_acc_00395,primary,US,android,78
fw_usr_0000396,fw_acc_00396,primary,US,ios,75
fw_usr_0000397,fw_acc_00397,primary,US,ios,53
fw_usr_0000398,fw_acc_00398,primary,US,ios,32
fw_usr_0000399,fw_acc_00399,primary,US,ios,82
fw_usr_0000400,fw_acc_00400,primary,US,android,77
fw_usr_0000401,fw_acc_00401,primary,US,ios,63
fw_usr_0000402,fw_acc_00402,primary,US,android,0
fw_usr_0000403,fw_acc_00403,primary,US,ios,14
fw_usr_0000404,fw_acc_00404,primary,US,ios,67
fw_usr_0000405,fw_acc_00405,primary,US,ios,24
fw_usr_0000406,fw_acc_00406,primary,US,ios,74
fw_usr_0000407,fw_acc_00407,primary,US,ios,66
fw_usr_0000408,fw_acc_00408,primary,US,android,23
fw_usr_0000409,fw_acc_00409,primary,US,android,67
fw_usr_0000410,fw_acc_00410,primary,US,android,15
fw_usr_0000411,fw_acc_00411,primary,US,ios,85
fw_usr_0000412,fw_acc_00412,primary,US,android,31
fw_usr_0000413,fw_acc_00413,primary,US,ios,75
fw_usr_0000414,fw_acc_00414,primary,US,ios,44
fw_usr_0000415,fw_acc_00415,primary,US,android,31
fw_usr_0000416,fw_acc_00416,primary,US,ios,76
fw_usr_0000417,fw_acc_00417,primary,US,ios,73
fw_usr_0000418,fw_acc_00418,primary,US,android,50
fw_usr_0000419,fw_acc_00419,primary,US,ios,17
fw_usr_0000420,fw_acc_00420,primary,US,android,47
fw_usr_0000421,fw_acc_00421,primary,US,ios,14
fw_usr_0000422,fw_acc_00422,primary,US,android,73
fw_usr_0000423,fw_acc_00423,primary,US,ios,71
fw_usr_0000424,fw_acc_00424,primary,US,android,26
fw_usr_0000425,fw_acc_00425,primary,US,ios,83
fw_usr_0000426,fw_acc_00426,primary,US,ios,30
fw_usr_0000427,fw_acc_00427,primary,US,ios,52
fw_usr_0000428,fw_acc_00428,primary,US,ios,13
fw_usr_0000429,fw_acc_00429,primary,US,ios,43
fw_usr_0000430,fw_acc_00430,primary,US,ios,26
fw_usr_0000431,fw_acc_00431,primary,US,ios,39
fw_usr_0000432,fw_acc_00432,primary,US,android,76
fw_usr_0000433,fw_acc_00433,primary,US,ios,80
fw_usr_0000434,fw_acc_00434,primary,US,ios,15
fw_usr_0000435,fw_acc_00435,primary,US,ios,47
fw_usr_0000436,fw_acc_00436,primary,US,android,41
fw_usr_0000437,fw_acc_00437,primary,US,ios,52
fw_usr_0000438,fw_acc_00438,primary,US,ios,72
fw_usr_0000439,fw_acc_00439,primary,US,android,66
fw_usr_0000440,fw_acc_00440,primary,US,ios,87
fw_usr_0000441,fw_acc_00441,primary,US,android,58
fw_usr_0000442,fw_acc_00442,primary,US,android,84
fw_usr_0000443,fw_acc_00443,primary,US,ios,25
fw_usr_0000444,fw_acc_00444,primary,US,android,81
fw_usr_0000445,fw_acc_00445,primary,US,android,43
fw_usr_0000446,fw_acc_00446,primary,US,android,49
fw_usr_0000447,fw_acc_00447,primary,US,ios,45
fw_usr_0000448,fw_acc_00448,primary,US,android,24
fw_usr_0000449,fw_acc_00449,primary,US,ios,85
fw_usr_0000450,fw_acc_00450,primary,US,ios,84
fw_usr_0000451,fw_acc_00451,primary,US,android,31
fw_usr_0000452,fw_acc_00452,primary,US,ios,61
fw_usr_0000453,fw_acc_00453,primary,US,ios,35
fw_usr_0000454,fw_acc_00454,primary,US,android,55
fw_usr_0000455,fw_acc_00455,primary,US,ios,6
fw_usr_0000456,fw_acc_00456,primary,US,ios,32
fw_usr_0000457,fw_acc_00457,primary,US,android,0
fw_usr_0000458,fw_acc_00458,primary,US,android,55
fw_usr_0000459,fw_acc_00459,primary,US,ios,59
fw_usr_0000460,fw_acc_00460,primary,US,android,20
fw_usr_0000461,fw_acc_00461,primary,US,android,7
fw_usr_0000462,fw_acc_00462,primary,US,ios,7
fw_usr_0000463,fw_acc_00463,primary,US,android,63
fw_usr_0000464,fw_acc_00464,primary,US,ios,37
fw_usr_0000465,fw_acc_00465,primary,US,ios,56
fw_usr_0000466,fw_acc_00466,primary,US,android,14
fw_usr_0000467,fw_acc_00467,primary,US,ios,36
fw_usr_0000468,fw_acc_00468,primary,US,android,18
fw_usr_0000469,fw_acc_00469,primary,US,android,36
fw_usr_0000470,fw_acc_00470,primary,US,android,35
fw_usr_0000471,fw_acc_00471,primary,US,android,57
fw_usr_0000472,fw_acc_00472,primary,US,ios,1
fw_usr_0000473,fw_acc_00473,primary,US,android,60
fw_usr_0000474,fw_acc_00474,primary,US,ios,67
fw_usr_0000475,fw_acc_00475,primary,US,android,8
fw_usr_0000476,fw_acc_00476,primary,US,android,75
fw_usr_0000477,fw_acc_00477,primary,US,android,58
fw_usr_0000478,fw_acc_00478,primary,US,ios,44
fw_usr_0000479,fw_acc_00479,primary,US,ios,38
fw_usr_0000480,fw_acc_00480,primary,US,ios,82
fw_usr_0000481,fw_acc_00481,primary,US,ios,58
fw_usr_0000482,fw_acc_00482,primary,US,ios,74
fw_usr_0000483,fw_acc_00483,primary,US,ios,35
fw_usr_0000484,fw_acc_00484,primary,US,ios,54
fw_usr_0000485,fw_acc_00485,primary,US,ios,34
fw_usr_0000486,fw_acc_00486,primary,US,ios,20
fw_usr_0000487,fw_acc_00487,primary,US,ios,44
fw_usr_0000488,fw_acc_00488,primary,US,ios,56
fw_usr_0000489,fw_acc_00489,primary,US,ios,17
fw_usr_0000490,fw_acc_00490,primary,US,ios,2
fw_usr_0000491,fw_acc_00491,primary,US,ios,30
fw_usr_0000492,fw_acc_00492,primary,US,ios,82
fw_usr_0000493,fw_acc_00493,primary,US,android,62
fw_usr_0000494,fw_acc_00494,primary,US,ios,44
fw_usr_0000495,fw_acc_00495,primary,US,ios,70
fw_usr_0000496,fw_acc_00496,primary,US,ios,65
fw_usr_0000497,fw_acc_00497,primary,US,ios,82
fw_usr_0000498,fw_acc_00498,primary,US,android,37
fw_usr_0000499,fw_acc_00499,primary,US,android,76
fw_usr_0000500,fw_acc_00500,primary,US,android,47
fw_usr_0000501,fw_acc_00501,primary,US,ios,66
fw_usr_0000502,fw_acc_00502,primary,US,ios,32
fw_usr_0000503,fw_acc_00503,primary,US,android,36
fw_usr_0000504,fw_acc_00504,primary,US,ios,34
fw_usr_0000505,fw_acc_00505,primary,US,ios,63
fw_usr_0000506,fw_acc_00506,primary,US,android,39
fw_usr_0000507,fw_acc_00507,primary,US,ios,51
fw_usr_0000508,fw_acc_00508,primary,US,ios,34
fw_usr_0000509,fw_acc_00509,primary,US,android,72
fw_usr_0000510,fw_acc_00510,primary,US,android,45
fw_usr_0000511,fw_acc_00511,primary,US,android,46
fw_usr_0000512,fw_acc_00512,primary,US,ios,31
fw_usr_0000513,fw_acc_00513,primary,US,android,89
fw_usr_0000514,fw_acc_00514,primary,US,android,71
fw_usr_0000515,fw_acc_00515,primary,US,ios,78
fw_usr_0000516,fw_acc_00516,primary,US,android,73
fw_usr_0000517,fw_acc_00517,primary,US,ios,88
fw_usr_0000518,fw_acc_00518,primary,US,ios,23
fw_usr_0000519,fw_acc_00519,primary,US,android,80
fw_usr_0000520,fw_acc_00520,primary,US,android,63
fw_usr_0000521,fw_acc_00521,primary,US,android,67
fw_usr_0000522,fw_acc_00522,primary,US,android,39
fw_usr_0000523,fw_acc_00523,primary,US,android,50
fw_usr_0000524,fw_acc_00524,primary,US,android,88
fw_usr_0000525,fw_acc_00525,primary,US,ios,70
fw_usr_0000526,fw_acc_00526,primary,US,ios,53
fw_usr_0000527,fw_acc_00527,primary,US,ios,72
fw_usr_0000528,fw_acc_00528,primary,US,ios,30
fw_usr_0000529,fw_acc_00529,primary,US,ios,61
fw_usr_0000530,fw_acc_00530,primary,US,ios,24
fw_usr_0000531,fw_acc_00531,primary,US,ios,23
fw_usr_0000532,fw_acc_00532,primary,US,android,76
fw_usr_0000533,fw_acc_00533,primary,US,ios,39
fw_usr_0000534,fw_acc_00534,primary,US,ios,54
fw_usr_0000535,fw_acc_00535,primary,US,ios,32
fw_usr_0000536,fw_acc_00536,primary,US,android,89
fw_usr_0000537,fw_acc_00537,primary,US,ios,67
fw_usr_0000538,fw_acc_00538,primary,US,ios,25
fw_usr_0000539,fw_acc_00539,primary,US,android,80
fw_usr_0000540,fw_acc_00540,primary,US,ios,72
fw_usr_0000541,fw_acc_00541,primary,US,android,77
fw_usr_0000542,fw_acc_00542,primary,US,ios,66
fw_usr_0000543,fw_acc_00543,primary,US,ios,45
fw_usr_0000544,fw_acc_00544,primary,US,android,54
fw_usr_0000545,fw_acc_00545,primary,US,ios,60
fw_usr_0000546,fw_acc_00546,primary,US,ios,79
fw_usr_0000547,fw_acc_00547,primary,US,ios,25
fw_usr_0000548,fw_acc_00548,primary,US,ios,50
fw_usr_0000549,fw_acc_00549,primary,US,ios,5
fw_usr_0000550,fw_acc_00550,primary,US,ios,43
fw_usr_0000551,fw_acc_00551,primary,US,android,45
fw_usr_0000552,fw_acc_00552,primary,US,ios,78
fw_usr_0000553,fw_acc_00553,primary,US,ios,30
fw_usr_0000554,fw_acc_00554,primary,US,android,68
fw_usr_0000555,fw_acc_00555,primary,US,ios,42
fw_usr_0000556,fw_acc_00556,primary,US,ios,63
fw_usr_0000557,fw_acc_00557,primary,US,ios,29
fw_usr_0000558,fw_acc_00558,primary,US,ios,55
fw_usr_0000559,fw_acc_00559,primary,US,ios,71
fw_usr_0000560,fw_acc_00560,primary,US,ios,2
fw_usr_0000561,fw_acc_00561,primary,US,android,34
fw_usr_0000562,fw_acc_00562,primary,US,android,13
fw_usr_0000563,fw_acc_00563,primary,US,ios,72
fw_usr_0000564,fw_acc_00564,primary,US,ios,17
fw_usr_0000565,fw_acc_00565,primary,US,ios,29
fw_usr_0000566,fw_acc_00566,primary,US,ios,85
fw_usr_0000567,fw_acc_00567,primary,US,ios,5
fw_usr_0000568,fw_acc_00568,primary,US,ios,59
fw_usr_0000569,fw_acc_00569,primary,US,ios,64
fw_usr_0000570,fw_acc_00570,primary,US,ios,9
fw_usr_0000571,fw_acc_00571,primary,US,android,13
fw_usr_0000572,fw_acc_00572,primary,US,android,65
fw_usr_0000573,fw_acc_00573,primary,US,android,56
fw_usr_0000574,fw_acc_00574,primary,US,ios,17
fw_usr_0000575,fw_acc_00575,primary,US,android,28
fw_usr_0000576,fw_acc_00576,primary,US,ios,27
fw_usr_0000577,fw_acc_00577,primary,US,ios,27
fw_usr_0000578,fw_acc_00578,primary,US,ios,36
fw_usr_0000579,fw_acc_00579,primary,US,android,4
fw_usr_0000580,fw_acc_00580,primary,US,ios,32
fw_usr_0000581,fw_acc_00581,primary,US,ios,1
fw_usr_0000582,fw_acc_00582,primary,US,ios,75
fw_usr_0000583,fw_acc_00583,primary,US,ios,52
fw_usr_0000584,fw_acc_00584,primary,US,ios,15
fw_usr_0000585,fw_acc_00585,primary,US,ios,35
fw_usr_0000586,fw_acc_00586,primary,US,android,82
fw_usr_0000587,fw_acc_00587,primary,US,ios,75
fw_usr_0000588,fw_acc_00588,primary,US,ios,87
fw_usr_0000589,fw_acc_00589,primary,US,ios,26
fw_usr_0000590,fw_acc_00590,primary,US,android,11
fw_usr_0000591,fw_acc_00591,primary,US,android,43
fw_usr_0000592,fw_acc_00592,primary,US,ios,30
fw_usr_0000593,fw_acc_00593,primary,US,android,78
fw_usr_0000594,fw_acc_00594,primary,US,ios,15
fw_usr_0000595,fw_acc_00595,primary,US,android,11
fw_usr_0000596,fw_acc_00596,primary,US,android,32
fw_usr_0000597,fw_acc_00597,primary,US,android,76
fw_usr_0000598,fw_acc_00598,primary,US,ios,77
fw_usr_0000599,fw_acc_00599,primary,US,ios,80
fw_usr_0000600,fw_acc_00600,primary,US,ios,30
fw_usr_0000601,fw_acc_00601,primary,US,ios,60
fw_usr_0000602,fw_acc_00602,primary,US,android,88
fw_usr_0000603,fw_acc_00603,primary,US,ios,35
fw_usr_0000604,fw_acc_00604,primary,US,ios,40
fw_usr_0000605,fw_acc_00605,primary,US,ios,84
fw_usr_0000606,fw_acc_00606,primary,US,android,76
fw_usr_0000607,fw_acc_00607,primary,US,ios,89
fw_usr_0000608,fw_acc_00608,primary,US,android,62
fw_usr_0000609,fw_acc_00609,primary,US,android,80
fw_usr_0000610,fw_acc_00610,primary,US,ios,52
fw_usr_0000611,fw_acc_00611,primary,US,android,42
fw_usr_0000612,fw_acc_00612,primary,US,ios,12
fw_usr_0000613,fw_acc_00613,primary,US,ios,11
fw_usr_0000614,fw_acc_00614,primary,US,ios,67
fw_usr_0000615,fw_acc_00615,primary,US,ios,29
fw_usr_0000616,fw_acc_00616,primary,US,ios,73
fw_usr_0000617,fw_acc_00617,primary,US,android,35
fw_usr_0000618,fw_acc_00618,primary,US,ios,57
fw_usr_0000619,fw_acc_00619,primary,US,android,89
fw_usr_0000620,fw_acc_00620,primary,US,ios,44
fw_usr_0000621,fw_acc_00621,primary,US,ios,45
fw_usr_0000622,fw_acc_00622,primary,US,android,57
fw_usr_0000623,fw_acc_00623,primary,US,ios,71
fw_usr_0000624,fw_acc_00624,primary,US,ios,89
fw_usr_0000625,fw_acc_00625,primary,US,ios,21
fw_usr_0000626,fw_acc_00626,primary,US,android,77
fw_usr_0000627,fw_acc_00627,primary,US,ios,12
fw_usr_0000628,fw_acc_00628,primary,US,android,80
fw_usr_0000629,fw_acc_00629,primary,US,android,73
fw_usr_0000630,fw_acc_00630,primary,US,ios,2
fw_usr_0000631,fw_acc_00631,primary,US,ios,85
fw_usr_0000632,fw_acc_00632,primary,US,ios,35
fw_usr_0000633,fw_acc_00633,primary,US,ios,41
fw_usr_0000634,fw_acc_00634,primary,US,android,20
fw_usr_0000635,fw_acc_00635,primary,US,ios,29
fw_usr_0000636,fw_acc_00636,primary,US,android,5
fw_usr_0000637,fw_acc_00637,primary,US,ios,22
fw_usr_0000638,fw_acc_00638,primary,US,ios,82
fw_usr_0000639,fw_acc_00639,primary,US,ios,42
fw_usr_0000640,fw_acc_00640,primary,US,ios,16
fw_usr_0000641,fw_acc_00641,primary,US,android,37
fw_usr_0000642,fw_acc_00642,primary,US,android,58
fw_usr_0000643,fw_acc_00643,primary,US,ios,7
fw_usr_0000644,fw_acc_00644,primary,US,ios,58
fw_usr_0000645,fw_acc_00645,primary,US,ios,69
fw_usr_0000646,fw_acc_00646,primary,US,ios,17
fw_usr_0000647,fw_acc_00647,primary,US,ios,4
fw_usr_0000648,fw_acc_00648,primary,US,ios,76
fw_usr_0000649,fw_acc_00649,primary,US,android,26
fw_usr_0000650,fw_acc_00650,primary,US,ios,46
fw_usr_0000651,fw_acc_00651,primary,US,ios,78
fw_usr_0000652,fw_acc_00652,primary,US,ios,83
fw_usr_0000653,fw_acc_00653,primary,US,ios,57
fw_usr_0000654,fw_acc_00654,primary,US,android,74
fw_usr_0000655,fw_acc_00655,primary,US,android,8
fw_usr_0000656,fw_acc_00656,primary,US,android,60
fw_usr_0000657,fw_acc_00657,primary,US,android,30
fw_usr_0000658,fw_acc_00658,primary,US,android,21
fw_usr_0000659,fw_acc_00659,primary,US,ios,32
fw_usr_0000660,fw_acc_00660,primary,US,ios,68
fw_usr_0000661,fw_acc_00661,primary,US,android,22
fw_usr_0000662,fw_acc_00662,primary,US,android,83
fw_usr_0000663,fw_acc_00663,primary,US,ios,53
fw_usr_0000664,fw_acc_00664,primary,US,android,13
fw_usr_0000665,fw_acc_00665,primary,US,ios,10
fw_usr_0000666,fw_acc_00666,primary,US,android,20
fw_usr_0000667,fw_acc_00667,primary,US,ios,27
fw_usr_0000668,fw_acc_00668,primary,US,android,39
fw_usr_0000669,fw_acc_00669,primary,US,android,53
fw_usr_0000670,fw_acc_00670,primary,US,android,13
fw_usr_0000671,fw_acc_00671,primary,US,android,55
fw_usr_0000672,fw_acc_00672,primary,US,ios,74
fw_usr_0000673,fw_acc_00673,primary,US,ios,21
fw_usr_0000674,fw_acc_00674,primary,US,android,34
fw_usr_0000675,fw_acc_00675,primary,US,android,75
fw_usr_0000676,fw_acc_00676,primary,US,ios,86
fw_usr_0000677,fw_acc_00677,primary,US,ios,63
fw_usr_0000678,fw_acc_00678,primary,US,ios,87
fw_usr_0000679,fw_acc_00679,primary,US,ios,74
fw_usr_0000680,fw_acc_00680,primary,US,android,42
fw_usr_0000681,fw_acc_00681,primary,US,ios,57
fw_usr_0000682,fw_acc_00682,primary,US,ios,20
fw_usr_0000683,fw_acc_00683,primary,US,ios,64
fw_usr_0000684,fw_acc_00684,primary,US,android,84
fw_usr_0000685,fw_acc_00685,primary,US,ios,72
fw_usr_0000686,fw_acc_00686,primary,US,android,27
fw_usr_0000687,fw_acc_00687,primary,US,android,57
fw_usr_0000688,fw_acc_00688,primary,US,ios,54
fw_usr_0000689,fw_acc_00689,primary,US,android,22
fw_usr_0000690,fw_acc_00690,primary,US,android,78
fw_usr_0000691,fw_acc_00691,primary,US,ios,56
fw_usr_0000692,fw_acc_00692,primary,US,android,35
fw_usr_0000693,fw_acc_00693,primary,US,ios,46
fw_usr_0000694,fw_acc_00694,primary,US,android,77
fw_usr_0000695,fw_acc_00695,primary,US,android,27
fw_usr_0000696,fw_acc_00696,primary,US,ios,2
fw_usr_0000697,fw_acc_00697,primary,US,android,55
fw_usr_0000698,fw_acc_00698,primary,US,ios,37
fw_usr_0000699,fw_acc_00699,primary,US,android,79
fw_usr_0000700,fw_acc_00700,primary,US,ios,59
fw_usr_0000701,fw_acc_00701,primary,US,android,11
fw_usr_0000702,fw_acc_00702,primary,US,android,37
fw_usr_0000703,fw_acc_00703,primary,US,ios,38
fw_usr_0000704,fw_acc_00704,primary,US,ios,6
fw_usr_0000705,fw_acc_00705,primary,US,ios,77
fw_usr_0000706,fw_acc_00706,primary,US,ios,89
fw_usr_0000707,fw_acc_00707,primary,US,android,68
fw_usr_0000708,fw_acc_00708,primary,US,android,14
fw_usr_0000709,fw_acc_00709,primary,US,android,60
fw_usr_0000710,fw_acc_00710,primary,US,ios,88
fw_usr_0000711,fw_acc_00711,primary,US,android,67
fw_usr_0000712,fw_acc_00712,primary,US,ios,17
fw_usr_0000713,fw_acc_00713,primary,US,ios,63
fw_usr_0000714,fw_acc_00714,primary,US,android,23
fw_usr_0000715,fw_acc_00715,primary,US,ios,68
fw_usr_0000716,fw_acc_00716,primary,US,ios,81
fw_usr_0000717,fw_acc_00717,primary,US,ios,45
fw_usr_0000718,fw_acc_00718,primary,US,ios,6
fw_usr_0000719,fw_acc_00719,primary,US,ios,65
fw_usr_0000720,fw_acc_00720,primary,US,ios,77
fw_usr_0000721,fw_acc_00721,primary,US,ios,69
fw_usr_0000722,fw_acc_00722,primary,US,android,9
fw_usr_0000723,fw_acc_00723,primary,US,ios,30
fw_usr_0000724,fw_acc_00724,primary,US,android,68
fw_usr_0000725,fw_acc_00725,primary,US,android,35
fw_usr_0000726,fw_acc_00726,primary,US,ios,43
fw_usr_0000727,fw_acc_00727,primary,US,android,64
fw_usr_0000728,fw_acc_00728,primary,US,ios,11
fw_usr_0000729,fw_acc_00729,primary,US,ios,33
fw_usr_0000730,fw_acc_00730,primary,US,android,33
fw_usr_0000731,fw_acc_00731,primary,US,ios,42
fw_usr_0000732,fw_acc_00732,primary,US,ios,70
fw_usr_0000733,fw_acc_00733,primary,US,android,82
fw_usr_0000734,fw_acc_00734,primary,US,android,22
fw_usr_0000735,fw_acc_00735,primary,US,android,5
fw_usr_0000736,fw_acc_00736,primary,US,ios,61
fw_usr_0000737,fw_acc_00737,primary,US,ios,38
fw_usr_0000738,fw_acc_00738,primary,US,ios,74
fw_usr_0000739,fw_acc_00739,primary,US,ios,81
fw_usr_0000740,fw_acc_00740,primary,US,ios,63
fw_usr_0000741,fw_acc_00741,primary,US,android,69
fw_usr_0000742,fw_acc_00742,primary,US,ios,56
fw_usr_0000743,fw_acc_00743,primary,US,ios,9
fw_usr_0000744,fw_acc_00744,primary,US,android,54
fw_usr_0000745,fw_acc_00745,primary,US,android,81
fw_usr_0000746,fw_acc_00746,primary,US,android,35
fw_usr_0000747,fw_acc_00747,primary,US,android,59
fw_usr_0000748,fw_acc_00748,primary,US,ios,73
fw_usr_0000749,fw_acc_00749,primary,US,ios,35
fw_usr_0000750,fw_acc_00750,primary,US,android,43
fw_usr_0000751,fw_acc_00751,primary,US,android,3
fw_usr_0000752,fw_acc_00752,primary,US,ios,78
fw_usr_0000753,fw_acc_00753,primary,US,android,1
fw_usr_0000754,fw_acc_00754,primary,US,ios,79
fw_usr_0000755,fw_acc_00755,primary,US,ios,85
fw_usr_0000756,fw_acc_00756,primary,US,android,88
fw_usr_0000757,fw_acc_00757,primary,US,android,3
fw_usr_0000758,fw_acc_00758,primary,US,ios,35
fw_usr_0000759,fw_acc_00759,primary,US,ios,41
fw_usr_0000760,fw_acc_00760,primary,US,ios,78
fw_usr_0000761,fw_acc_00761,primary,US,ios,67
fw_usr_0000762,fw_acc_00762,primary,US,ios,10
fw_usr_0000763,fw_acc_00763,primary,US,ios,10
fw_usr_0000764,fw_acc_00764,primary,US,android,88
fw_usr_0000765,fw_acc_00765,primary,US,android,60
fw_usr_0000766,fw_acc_00766,primary,US,android,58
fw_usr_0000767,fw_acc_00767,primary,US,ios,71
fw_usr_0000768,fw_acc_00768,primary,US,android,33
fw_usr_0000769,fw_acc_00769,primary,US,ios,77
fw_usr_0000770,fw_acc_00770,primary,US,ios,31
fw_usr_0000771,fw_acc_00771,primary,US,android,52
fw_usr_0000772,fw_acc_00772,primary,US,android,40
fw_usr_0000773,fw_acc_00773,primary,US,ios,48
fw_usr_0000774,fw_acc_00774,primary,US,android,37
fw_usr_0000775,fw_acc_00775,primary,US,ios,71
fw_usr_0000776,fw_acc_00776,primary,US,android,37
fw_usr_0000777,fw_acc_00777,primary,US,android,37
fw_usr_0000778,fw_acc_00778,primary,US,android,33
fw_usr_0000779,fw_acc_00779,primary,US,ios,20
fw_usr_0000780,fw_acc_00780,primary,US,ios,64
fw_usr_0000781,fw_acc_00781,primary,US,ios,18
fw_usr_0000782,fw_acc_00782,primary,US,android,76
fw_usr_0000783,fw_acc_00783,primary,US,ios,66
fw_usr_0000784,fw_acc_00784,primary,US,ios,60
fw_usr_0000785,fw_acc_00785,primary,US,android,61
fw_usr_0000786,fw_acc_00786,primary,US,android,66
fw_usr_0000787,fw_acc_00787,primary,US,ios,9
fw_usr_0000788,fw_acc_00788,primary,US,ios,19
fw_usr_0000789,fw_acc_00789,primary,US,ios,22
fw_usr_0000790,fw_acc_00790,primary,US,ios,62
fw_usr_0000791,fw_acc_00791,primary,US,ios,79
fw_usr_0000792,fw_acc_00792,primary,US,ios,5
fw_usr_0000793,fw_acc_00793,primary,US,android,40
fw_usr_0000794,fw_acc_00794,primary,US,android,60
fw_usr_0000795,fw_acc_00795,primary,US,ios,5
fw_usr_0000796,fw_acc_00796,primary,US,ios,64
fw_usr_0000797,fw_acc_00797,primary,US,ios,55
fw_usr_0000798,fw_acc_00798,primary,US,android,31
fw_usr_0000799,fw_acc_00799,primary,US,android,68
fw_usr_0000800,fw_acc_00800,primary,US,android,6
fw_usr_0000801,fw_acc_00801,primary,US,ios,72
fw_usr_0000802,fw_acc_00802,primary,US,ios,33
fw_usr_0000803,fw_acc_00803,primary,US,android,54
fw_usr_0000804,fw_acc_00804,primary,US,ios,44
fw_usr_0000805,fw_acc_00805,primary,US,android,51
fw_usr_0000806,fw_acc_00806,primary,US,ios,11
fw_usr_0000807,fw_acc_00807,primary,US,ios,46
fw_usr_0000808,fw_acc_00808,primary,US,ios,66
fw_usr_0000809,fw_acc_00809,primary,US,ios,63
fw_usr_0000810,fw_acc_00810,primary,US,ios,19
fw_usr_0000811,fw_acc_00811,primary,US,ios,51
fw_usr_0000812,fw_acc_00812,primary,US,android,48
fw_usr_0000813,fw_acc_00813,primary,US,android,37
fw_usr_0000814,fw_acc_00814,primary,US,ios,30
fw_usr_0000815,fw_acc_00815,primary,US,ios,39
fw_usr_0000816,fw_acc_00816,primary,US,ios,34
fw_usr_0000817,fw_acc_00817,primary,US,android,65
fw_usr_0000818,fw_acc_00818,primary,US,ios,50
fw_usr_0000819,fw_acc_00819,primary,US,android,47
fw_usr_0000820,fw_acc_00820,primary,US,android,84
fw_usr_0000821,fw_acc_00821,primary,US,ios,6
fw_usr_0000822,fw_acc_00822,primary,US,ios,46
fw_usr_0000823,fw_acc_00823,primary,US,android,39
fw_usr_0000824,fw_acc_00824,primary,US,ios,21
fw_usr_0000825,fw_acc_00825,primary,US,ios,73
fw_usr_0000826,fw_acc_00826,primary,US,ios,48
fw_usr_0000827,fw_acc_00827,primary,US,ios,65
fw_usr_0000828,fw_acc_00828,primary,US,ios,5
fw_usr_0000829,fw_acc_00829,primary,US,ios,80
fw_usr_0000830,fw_acc_00830,primary,US,android,60
fw_usr_0000831,fw_acc_00831,primary,US,ios,6
fw_usr_0000832,fw_acc_00832,primary,US,android,52
fw_usr_0000833,fw_acc_00833,primary,US,android,26
fw_usr_0000834,fw_acc_00834,primary,US,ios,30
fw_usr_0000835,fw_acc_00835,primary,US,ios,52
fw_usr_0000836,fw_acc_00836,primary,US,android,77
fw_usr_0000837,fw_acc_00837,primary,US,android,78
fw_usr_0000838,fw_acc_00838,primary,US,ios,71
fw_usr_0000839,fw_acc_00839,primary,US,android,69
fw_usr_0000840,fw_acc_00840,primary,US,ios,45
fw_usr_0000841,fw_acc_00841,primary,US,ios,79
fw_usr_0000842,fw_acc_00842,primary,US,android,79
fw_usr_0000843,fw_acc_00843,primary,US,ios,90
fw_usr_0000844,fw_acc_00844,primary,US,android,67
fw_usr_0000845,fw_acc_00845,primary,US,ios,23
fw_usr_0000846,fw_acc_00846,primary,US,android,34
fw_usr_0000847,fw_acc_00847,primary,US,android,7
fw_usr_0000848,fw_acc_00848,primary,US,ios,34
fw_usr_0000849,fw_acc_00849,primary,US,ios,89
fw_usr_0000850,fw_acc_00850,primary,US,ios,15
fw_usr_0000851,fw_acc_00851,primary,US,android,50
fw_usr_0000852,fw_acc_00852,primary,US,android,32
fw_usr_0000853,fw_acc_00853,primary,US,ios,67
fw_usr_0000854,fw_acc_00854,primary,US,ios,15
fw_usr_0000855,fw_acc_00855,primary,US,ios,71
fw_usr_0000856,fw_acc_00856,primary,US,ios,67
fw_usr_0000857,fw_acc_00857,primary,US,android,0
fw_usr_0000858,fw_acc_00858,primary,US,ios,33
fw_usr_0000859,fw_acc_00859,primary,US,ios,80
fw_usr_0000860,fw_acc_00860,primary,US,ios,33
fw_usr_0000861,fw_acc_00861,primary,US,android,82
fw_usr_0000862,fw_acc_00862,primary,US,ios,65
fw_usr_0000863,fw_acc_00863,primary,US,ios,60
fw_usr_0000864,fw_acc_00864,primary,US,android,63
fw_usr_0000865,fw_acc_00865,primary,US,android,31
fw_usr_0000866,fw_acc_00866,primary,US,android,66
fw_usr_0000867,fw_acc_00867,primary,US,ios,24
fw_usr_0000868,fw_acc_00868,primary,US,android,48
fw_usr_0000869,fw_acc_00869,primary,US,ios,24
fw_usr_0000870,fw_acc_00870,primary,US,ios,67
fw_usr_0000871,fw_acc_00871,primary,US,ios,82
fw_usr_0000872,fw_acc_00872,primary,US,ios,8
fw_usr_0000873,fw_acc_00873,primary,US,android,51
fw_usr_0000874,fw_acc_00874,primary,US,ios,34
fw_usr_0000875,fw_acc_00875,primary,US,ios,31
fw_usr_0000876,fw_acc_00876,primary,US,ios,73
fw_usr_0000877,fw_acc_00877,primary,US,android,8
fw_usr_0000878,fw_acc_00878,primary,US,ios,74
fw_usr_0000879,fw_acc_00879,primary,US,ios,51
fw_usr_0000880,fw_acc_00880,primary,US,ios,79
fw_usr_0000881,fw_acc_00881,primary,US,android,86
fw_usr_0000882,fw_acc_00882,primary,US,ios,37
fw_usr_0000883,fw_acc_00883,primary,US,android,21
fw_usr_0000884,fw_acc_00884,primary,US,android,66
fw_usr_0000885,fw_acc_00885,primary,US,ios,73
fw_usr_0000886,fw_acc_00886,primary,US,ios,82
fw_usr_0000887,fw_acc_00887,primary,US,ios,85
fw_usr_0000888,fw_acc_00888,primary,US,ios,85
fw_usr_0000889,fw_acc_00889,primary,US,ios,39
fw_usr_0000890,fw_acc_00890,primary,US,android,49
fw_usr_0000891,fw_acc_00891,primary,US,ios,20
fw_usr_0000892,fw_acc_00892,primary,US,android,45
fw_usr_0000893,fw_acc_00893,primary,US,android,53
fw_usr_0000894,fw_acc_00894,primary,US,android,16
fw_usr_0000895,fw_acc_00895,primary,US,ios,47
fw_usr_0000896,fw_acc_00896,primary,US,ios,67
fw_usr_0000897,fw_acc_00897,primary,US,ios,43
fw_usr_0000898,fw_acc_00898,primary,US,ios,49
fw_usr_0000899,fw_acc_00899,primary,US,ios,32
fw_usr_0000900,fw_acc_00900,primary,US,ios,10
fw_usr_0000901,fw_acc_00901,primary,US,android,59
fw_usr_0000902,fw_acc_00902,primary,US,android,5
fw_usr_0000903,fw_acc_00903,primary,US,ios,48
fw_usr_0000904,fw_acc_00904,primary,US,android,80
fw_usr_0000905,fw_acc_00905,primary,US,ios,40
fw_usr_0000906,fw_acc_00906,primary,US,ios,45
fw_usr_0000907,fw_acc_00907,primary,US,ios,78
fw_usr_0000908,fw_acc_00908,primary,US,ios,37
fw_usr_0000909,fw_acc_00909,primary,US,ios,41
fw_usr_0000910,fw_acc_00910,primary,US,ios,51
fw_usr_0000911,fw_acc_00911,primary,US,ios,29
fw_usr_0000912,fw_acc_00912,primary,US,ios,86
fw_usr_0000913,fw_acc_00913,primary,US,android,47
fw_usr_0000914,fw_acc_00914,primary,US,ios,43
fw_usr_0000915,fw_acc_00915,primary,US,ios,73
fw_usr_0000916,fw_acc_00916,primary,US,ios,23
fw_usr_0000917,fw_acc_00917,primary,US,ios,37
fw_usr_0000918,fw_acc_00918,primary,US,ios,85
fw_usr_0000919,fw_acc_00919,primary,US,ios,2
fw_usr_0000920,fw_acc_00920,primary,US,ios,85
fw_usr_0000921,fw_acc_00921,primary,US,android,60
fw_usr_0000922,fw_acc_00922,primary,US,ios,48
fw_usr_0000923,fw_acc_00923,primary,US,ios,39
fw_usr_0000924,fw_acc_00924,primary,US,ios,80
fw_usr_0000925,fw_acc_00925,primary,US,android,35
fw_usr_0000926,fw_acc_00926,primary,US,android,37
fw_usr_0000927,fw_acc_00927,primary,US,ios,65
fw_usr_0000928,fw_acc_00928,primary,US,android,73
fw_usr_0000929,fw_acc_00929,primary,US,android,67
fw_usr_0000930,fw_acc_00930,primary,US,ios,64
fw_usr_0000931,fw_acc_00931,primary,US,ios,79
fw_usr_0000932,fw_acc_00932,primary,US,android,76
fw_usr_0000933,fw_acc_00933,primary,US,ios,13
fw_usr_0000934,fw_acc_00934,primary,US,android,45
fw_usr_0000935,fw_acc_00935,primary,US,android,71
fw_usr_0000936,fw_acc_00936,primary,US,android,62
fw_usr_0000937,fw_acc_00937,primary,US,android,41
fw_usr_0000938,fw_acc_00938,primary,US,android,35
fw_usr_0000939,fw_acc_00939,primary,US,android,42
fw_usr_0000940,fw_acc_00940,primary,US,ios,17
fw_usr_0000941,fw_acc_00941,primary,US,ios,69
fw_usr_0000942,fw_acc_00942,primary,US,ios,33
fw_usr_0000943,fw_acc_00943,primary,US,android,74
fw_usr_0000944,fw_acc_00944,primary,US,ios,43
fw_usr_0000945,fw_acc_00945,primary,US,ios,48
fw_usr_0000946,fw_acc_00946,primary,US,android,87
fw_usr_0000947,fw_acc_00947,primary,US,android,33
fw_usr_0000948,fw_acc_00948,primary,US,ios,45
fw_usr_0000949,fw_acc_00949,primary,US,ios,26
fw_usr_0000950,fw_acc_00950,primary,US,ios,43
fw_usr_0000951,fw_acc_00951,primary,US,ios,45
fw_usr_0000952,fw_acc_00952,primary,US,android,83
fw_usr_0000953,fw_acc_00953,primary,US,ios,67
fw_usr_0000954,fw_acc_00954,primary,US,android,32
fw_usr_0000955,fw_acc_00955,primary,US,ios,50
fw_usr_0000956,fw_acc_00956,primary,US,ios,90
fw_usr_0000957,fw_acc_00957,primary,US,android,15
fw_usr_0000958,fw_acc_00958,primary,US,ios,50
fw_usr_0000959,fw_acc_00959,primary,US,ios,81
fw_usr_0000960,fw_acc_00960,primary,US,ios,18
fw_usr_0000961,fw_acc_00961,primary,US,ios,13
fw_usr_0000962,fw_acc_00962,primary,US,ios,36
fw_usr_0000963,fw_acc_00963,primary,US,android,76
fw_usr_0000964,fw_acc_00964,primary,US,ios,58
fw_usr_0000965,fw_acc_00965,primary,US,android,67
fw_usr_0000966,fw_acc_00966,primary,US,ios,59
fw_usr_0000967,fw_acc_00967,primary,US,ios,15
fw_usr_0000968,fw_acc_00968,primary,US,ios,33
fw_usr_0000969,fw_acc_00969,primary,US,ios,42
fw_usr_0000970,fw_acc_00970,primary,US,android,30
fw_usr_0000971,fw_acc_00971,primary,US,ios,75
fw_usr_0000972,fw_acc_00972,primary,US,ios,70
fw_usr_0000973,fw_acc_00973,primary,US,ios,86
fw_usr_0000974,fw_acc_00974,primary,US,ios,61
fw_usr_0000975,fw_acc_00975,primary,US,ios,27
fw_usr_0000976,fw_acc_00976,primary,US,ios,17
fw_usr_0000977,fw_acc_00977,primary,US,ios,51
fw_usr_0000978,fw_acc_00978,primary,US,ios,82
fw_usr_0000979,fw_acc_00979,primary,US,ios,44
fw_usr_0000980,fw_acc_00980,primary,US,android,5
fw_usr_0000981,fw_acc_00981,primary,US,ios,84
fw_usr_0000982,fw_acc_00982,primary,US,android,76
fw_usr_0000983,fw_acc_00983,primary,US,ios,9
fw_usr_0000984,fw_acc_00984,primary,US,ios,10
fw_usr_0000985,fw_acc_00985,primary,US,ios,78
fw_usr_0000986,fw_acc_00986,primary,US,ios,61
fw_usr_0000987,fw_acc_00987,primary,US,android,41
fw_usr_0000988,fw_acc_00988,primary,US,ios,49
fw_usr_0000989,fw_acc_00989,primary,US,ios,12
fw_usr_0000990,fw_acc_00990,primary,US,ios,62
fw_usr_0000991,fw_acc_00991,primary,US,ios,79
fw_usr_0000992,fw_acc_00992,primary,US,android,76
fw_usr_0000993,fw_acc_00993,primary,US,android,67
fw_usr_0000994,fw_acc_00994,primary,US,ios,1
fw_usr_0000995,fw_acc_00995,primary,US,android,1
fw_usr_0000996,fw_acc_00996,primary,US,ios,23
fw_usr_0000997,fw_acc_00997,primary,US,ios,26
fw_usr_0000998,fw_acc_00998,primary,US,android,81
fw_usr_0000999,fw_acc_00999,primary,US,android,67
fw_usr_0001000,fw_acc_01000,primary,US,ios,13
fw_usr_0001001,fw_acc_01001,primary,US,ios,79
fw_usr_0001002,fw_acc_01002,primary,US,ios,53
fw_usr_0001003,fw_acc_01003,primary,US,ios,65
fw_usr_0001004,fw_acc_01004,primary,US,android,16
fw_usr_0001005,fw_acc_01005,primary,US,android,76
fw_usr_0001006,fw_acc_01006,primary,US,android,67
fw_usr_0001007,fw_acc_01007,primary,US,android,1
fw_usr_0001008,fw_acc_01008,primary,US,android,31
fw_usr_0001009,fw_acc_01009,primary,US,android,88
fw_usr_0001010,fw_acc_01010,primary,US,android,48
fw_usr_0001011,fw_acc_01011,primary,US,android,60
fw_usr_0001012,fw_acc_01012,primary,US,android,74
fw_usr_0001013,fw_acc_01013,primary,US,ios,63
fw_usr_0001014,fw_acc_01014,primary,US,ios,33
fw_usr_0001015,fw_acc_01015,primary,US,ios,82
fw_usr_0001016,fw_acc_01016,primary,US,android,76
fw_usr_0001017,fw_acc_01017,primary,US,android,15
fw_usr_0001018,fw_acc_01018,primary,US,ios,53
fw_usr_0001019,fw_acc_01019,primary,US,ios,0
fw_usr_0001020,fw_acc_01020,primary,US,android,79
fw_usr_0001021,fw_acc_01021,primary,US,android,87
fw_usr_0001022,fw_acc_01022,primary,US,ios,27
fw_usr_0001023,fw_acc_01023,primary,US,android,50
fw_usr_0001024,fw_acc_01024,primary,US,android,69
fw_usr_0001025,fw_acc_01025,primary,US,ios,44
fw_usr_0001026,fw_acc_01026,primary,US,ios,86
fw_usr_0001027,fw_acc_01027,primary,US,android,34
fw_usr_0001028,fw_acc_01028,primary,US,android,68
fw_usr_0001029,fw_acc_01029,primary,US,android,9
fw_usr_0001030,fw_acc_01030,primary,US,android,15
fw_usr_0001031,fw_acc_01031,primary,US,ios,67
fw_usr_0001032,fw_acc_01032,primary,US,android,81
fw_usr_0001033,fw_acc_01033,primary,US,ios,48
fw_usr_0001034,fw_acc_01034,primary,US,android,13
fw_usr_0001035,fw_acc_01035,primary,US,android,69
fw_usr_0001036,fw_acc_01036,primary,US,ios,44
fw_usr_0001037,fw_acc_01037,primary,US,android,29
fw_usr_0001038,fw_acc_01038,primary,US,ios,63
fw_usr_0001039,fw_acc_01039,primary,US,android,61
fw_usr_0001040,fw_acc_01040,primary,US,ios,43
fw_usr_0001041,fw_acc_01041,primary,US,ios,3
fw_usr_0001042,fw_acc_01042,primary,US,android,38
fw_usr_0001043,fw_acc_01043,primary,US,android,42
fw_usr_0001044,fw_acc_01044,primary,US,android,21
fw_usr_0001045,fw_acc_01045,primary,US,ios,20
fw_usr_0001046,fw_acc_01046,primary,US,ios,27
fw_usr_0001047,fw_acc_01047,primary,US,ios,77
fw_usr_0001048,fw_acc_01048,primary,US,android,62
fw_usr_0001049,fw_acc_01049,primary,US,ios,34
fw_usr_0001050,fw_acc_01050,primary,US,ios,30
fw_usr_0001051,fw_acc_01051,primary,US,android,47
fw_usr_0001052,fw_acc_01052,primary,US,ios,51
fw_usr_0001053,fw_acc_01053,primary,US,android,34
fw_usr_0001054,fw_acc_01054,primary,US,ios,46
fw_usr_0001055,fw_acc_01055,primary,US,ios,74
fw_usr_0001056,fw_acc_01056,primary,US,ios,37
fw_usr_0001057,fw_acc_01057,primary,US,ios,16
fw_usr_0001058,fw_acc_01058,primary,US,android,66
fw_usr_0001059,fw_acc_01059,primary,US,android,56
fw_usr_0001060,fw_acc_01060,primary,US,ios,5
fw_usr_0001061,fw_acc_01061,primary,US,ios,46
fw_usr_0001062,fw_acc_01062,primary,US,android,80
fw_usr_0001063,fw_acc_01063,primary,US,android,2
fw_usr_0001064,fw_acc_01064,primary,US,ios,43
fw_usr_0001065,fw_acc_01065,primary,US,ios,61
fw_usr_0001066,fw_acc_01066,primary,US,ios,50
fw_usr_0001067,fw_acc_01067,primary,US,ios,54
fw_usr_0001068,fw_acc_01068,primary,US,android,55
fw_usr_0001069,fw_acc_01069,primary,US,ios,5
fw_usr_0001070,fw_acc_01070,primary,US,ios,66
fw_usr_0001071,fw_acc_01071,primary,US,ios,36
fw_usr_0001072,fw_acc_01072,primary,US,android,14
fw_usr_0001073,fw_acc_01073,primary,US,android,16
fw_usr_0001074,fw_acc_01074,primary,US,ios,79
fw_usr_0001075,fw_acc_01075,primary,US,ios,2
fw_usr_0001076,fw_acc_01076,primary,US,ios,90
fw_usr_0001077,fw_acc_01077,primary,US,ios,85
fw_usr_0001078,fw_acc_01078,primary,US,android,63
fw_usr_0001079,fw_acc_01079,primary,US,android,53
fw_usr_0001080,fw_acc_01080,primary,US,android,49
fw_usr_0001081,fw_acc_01081,primary,US,android,50
fw_usr_0001082,fw_acc_01082,primary,US,ios,77
fw_usr_0001083,fw_acc_01083,primary,US,android,82
fw_usr_0001084,fw_acc_01084,primary,US,ios,3
fw_usr_0001085,fw_acc_01085,primary,US,android,39
fw_usr_0001086,fw_acc_01086,primary,US,android,59
fw_usr_0001087,fw_acc_01087,primary,US,ios,9
fw_usr_0001088,fw_acc_01088,primary,US,android,41
fw_usr_0001089,fw_acc_01089,primary,US,android,27
fw_usr_0001090,fw_acc_01090,primary,US,android,12
fw_usr_0001091,fw_acc_01091,primary,US,ios,22
fw_usr_0001092,fw_acc_01092,primary,US,ios,27
fw_usr_0001093,fw_acc_01093,primary,US,ios,32
fw_usr_0001094,fw_acc_01094,primary,US,android,43
fw_usr_0001095,fw_acc_01095,primary,US,ios,33
fw_usr_0001096,fw_acc_01096,primary,US,ios,55
fw_usr_0001097,fw_acc_01097,primary,US,ios,65
fw_usr_0001098,fw_acc_01098,primary,US,ios,23
fw_usr_0001099,fw_acc_01099,primary,US,ios,55
fw_usr_0001100,fw_acc_01100,primary,US,ios,73
fw_usr_0001101,fw_acc_01101,primary,US,android,13
fw_usr_0001102,fw_acc_01102,primary,US,android,70
fw_usr_0001103,fw_acc_01103,primary,US,android,62
fw_usr_0001104,fw_acc_01104,primary,US,android,78
fw_usr_0001105,fw_acc_01105,primary,US,android,71
fw_usr_0001106,fw_acc_01106,primary,US,ios,87
fw_usr_0001107,fw_acc_01107,primary,US,android,18
fw_usr_0001108,fw_acc_01108,primary,US,android,79
fw_usr_0001109,fw_acc_01109,primary,US,ios,63
fw_usr_0001110,fw_acc_01110,primary,US,ios,33
fw_usr_0001111,fw_acc_01111,primary,US,ios,37
fw_usr_0001112,fw_acc_01112,primary,US,android,37
fw_usr_0001113,fw_acc_01113,primary,US,ios,30
fw_usr_0001114,fw_acc_01114,primary,US,ios,87
fw_usr_0001115,fw_acc_01115,primary,US,android,70
fw_usr_0001116,fw_acc_01116,primary,US,ios,80
fw_usr_0001117,fw_acc_01117,primary,US,ios,67
fw_usr_0001118,fw_acc_01118,primary,US,android,57
fw_usr_0001119,fw_acc_01119,primary,US,ios,51
fw_usr_0001120,fw_acc_01120,primary,US,android,38
fw_usr_0001121,fw_acc_01121,primary,US,ios,60
fw_usr_0001122,fw_acc_01122,primary,US,android,85
fw_usr_0001123,fw_acc_01123,primary,US,android,77
fw_usr_0001124,fw_acc_01124,primary,US,ios,38
fw_usr_0001125,fw_acc_01125,primary,US,android,52
fw_usr_0001126,fw_acc_01126,primary,US,ios,5
fw_usr_0001127,fw_acc_01127,primary,US,ios,44
fw_usr_0001128,fw_acc_01128,primary,US,android,53
fw_usr_0001129,fw_acc_01129,primary,US,android,78
fw_usr_0001130,fw_acc_01130,primary,US,android,33
fw_usr_0001131,fw_acc_01131,primary,US,android,13
fw_usr_0001132,fw_acc_01132,primary,US,ios,53
fw_usr_0001133,fw_acc_01133,primary,US,ios,74
fw_usr_0001134,fw_acc_01134,primary,US,ios,88
fw_usr_0001135,fw_acc_01135,primary,US,ios,68
fw_usr_0001136,fw_acc_01136,primary,US,android,62
fw_usr_0001137,fw_acc_01137,primary,US,ios,47
fw_usr_0001138,fw_acc_01138,primary,US,android,72
fw_usr_0001139,fw_acc_01139,primary,US,ios,74
fw_usr_0001140,fw_acc_01140,primary,US,android,90
fw_usr_0001141,fw_acc_01141,primary,US,ios,8
fw_usr_0001142,fw_acc_01142,primary,US,ios,37
fw_usr_0001143,fw_acc_01143,primary,US,android,36
fw_usr_0001144,fw_acc_01144,primary,US,android,73
fw_usr_0001145,fw_acc_01145,primary,US,ios,23
fw_usr_0001146,fw_acc_01146,primary,US,android,2
fw_usr_0001147,fw_acc_01147,primary,US,ios,57
fw_usr_0001148,fw_acc_01148,primary,US,android,67
fw_usr_0001149,fw_acc_01149,primary,US,ios,21
fw_usr_0001150,fw_acc_01150,primary,US,ios,78
fw_usr_0001151,fw_acc_01151,primary,US,ios,75
fw_usr_0001152,fw_acc_01152,primary,US,ios,73
fw_usr_0001153,fw_acc_01153,primary,US,ios,79
fw_usr_0001154,fw_acc_01154,primary,US,ios,56
fw_usr_0001155,fw_acc_01155,primary,US,ios,79
fw_usr_0001156,fw_acc_01156,primary,US,android,73
fw_usr_0001157,fw_acc_01157,primary,US,ios,48
fw_usr_0001158,fw_acc_01158,primary,US,android,48
fw_usr_0001159,fw_acc_01159,primary,US,ios,70
fw_usr_0001160,fw_acc_01160,primary,US,ios,82
fw_usr_0001161,fw_acc_01161,primary,US,android,77
fw_usr_0001162,fw_acc_01162,primary,US,android,76
fw_usr_0001163,fw_acc_01163,primary,US,ios,86
fw_usr_0001164,fw_acc_01164,primary,US,ios,78
fw_usr_0001165,fw_acc_01165,primary,US,ios,58
fw_usr_0001166,fw_acc_01166,primary,US,android,11
fw_usr_0001167,fw_acc_01167,primary,US,android,48
fw_usr_0001168,fw_acc_01168,primary,US,ios,64
fw_usr_0001169,fw_acc_01169,primary,US,ios,46
fw_usr_0001170,fw_acc_01170,primary,US,ios,74
fw_usr_0001171,fw_acc_01171,primary,US,android,49
fw_usr_0001172,fw_acc_01172,primary,US,android,90
fw_usr_0001173,fw_acc_01173,primary,US,ios,45
fw_usr_0001174,fw_acc_01174,primary,US,ios,51
fw_usr_0001175,fw_acc_01175,primary,US,android,36
fw_usr_0001176,fw_acc_01176,primary,US,android,31
fw_usr_0001177,fw_acc_01177,primary,US,android,64
fw_usr_0001178,fw_acc_01178,primary,US,android,39
fw_usr_0001179,fw_acc_01179,primary,US,ios,72
fw_usr_0001180,fw_acc_01180,primary,US,ios,80
fw_usr_0001181,fw_acc_01181,primary,US,ios,24
fw_usr_0001182,fw_acc_01182,primary,US,ios,22
fw_usr_0001183,fw_acc_01183,primary,US,ios,36
fw_usr_0001184,fw_acc_01184,primary,US,ios,23
fw_usr_0001185,fw_acc_01185,primary,US,ios,28
fw_usr_0001186,fw_acc_01186,primary,US,ios,37
fw_usr_0001187,fw_acc_01187,primary,US,android,18
fw_usr_0001188,fw_acc_01188,primary,US,android,55
fw_usr_0001189,fw_acc_01189,primary,US,ios,66
fw_usr_0001190,fw_acc_01190,primary,US,android,71
fw_usr_0001191,fw_acc_01191,primary,US,android,56
fw_usr_0001192,fw_acc_01192,primary,US,ios,79
fw_usr_0001193,fw_acc_01193,primary,US,android,89
fw_usr_0001194,fw_acc_01194,primary,US,ios,2
fw_usr_0001195,fw_acc_01195,primary,US,ios,60
fw_usr_0001196,fw_acc_01196,primary,US,android,19
fw_usr_0001197,fw_acc_01197,primary,US,ios,50
fw_usr_0001198,fw_acc_01198,primary,US,ios,81
fw_usr_0001199,fw_acc_01199,primary,US,android,59
fw_usr_0001200,fw_acc_01200,primary,US,android,53
fw_usr_0001201,fw_acc_01201,primary,US,ios,3
fw_usr_0001202,fw_acc_01202,primary,US,ios,82
fw_usr_0001203,fw_acc_01203,primary,US,android,56
fw_usr_0001204,fw_acc_01204,primary,US,ios,22
fw_usr_0001205,fw_acc_01205,primary,US,ios,27
fw_usr_0001206,fw_acc_01206,primary,US,ios,65
fw_usr_0001207,fw_acc_01207,primary,US,ios,63
fw_usr_0001208,fw_acc_01208,primary,US,ios,44
fw_usr_0001209,fw_acc_01209,primary,US,ios,41
fw_usr_0001210,fw_acc_01210,primary,US,ios,85
fw_usr_0001211,fw_acc_01211,primary,US,android,84
fw_usr_0001212,fw_acc_01212,primary,US,android,88
fw_usr_0001213,fw_acc_01213,primary,US,ios,46
fw_usr_0001214,fw_acc_01214,primary,US,ios,83
fw_usr_0001215,fw_acc_01215,primary,US,ios,31
fw_usr_0001216,fw_acc_01216,primary,US,android,66
fw_usr_0001217,fw_acc_01217,primary,US,ios,72
fw_usr_0001218,fw_acc_01218,primary,US,android,78
fw_usr_0001219,fw_acc_01219,primary,US,android,2
fw_usr_0001220,fw_acc_01220,primary,US,ios,82
fw_usr_0001221,fw_acc_01221,primary,US,android,87
fw_usr_0001222,fw_acc_01222,primary,US,ios,56
fw_usr_0001223,fw_acc_01223,primary,US,android,84
fw_usr_0001224,fw_acc_01224,primary,US,ios,15
fw_usr_0001225,fw_acc_01225,primary,US,ios,18
fw_usr_0001226,fw_acc_01226,primary,US,ios,88
fw_usr_0001227,fw_acc_01227,primary,US,ios,72
fw_usr_0001228,fw_acc_01228,primary,US,ios,57
fw_usr_0001229,fw_acc_01229,primary,US,ios,43
fw_usr_0001230,fw_acc_01230,primary,US,android,3
fw_usr_0001231,fw_acc_01231,primary,US,ios,70
fw_usr_0001232,fw_acc_01232,primary,US,android,55
fw_usr_0001233,fw_acc_01233,primary,US,android,78
fw_usr_0001234,fw_acc_01234,primary,US,ios,45
fw_usr_0001235,fw_acc_01235,primary,US,ios,69
fw_usr_0001236,fw_acc_01236,primary,US,ios,39
fw_usr_0001237,fw_acc_01237,primary,US,android,55
fw_usr_0001238,fw_acc_01238,primary,US,ios,47
fw_usr_0001239,fw_acc_01239,primary,US,ios,80
fw_usr_0001240,fw_acc_01240,primary,US,ios,54
fw_usr_0001241,fw_acc_01241,primary,US,android,73
fw_usr_0001242,fw_acc_01242,primary,US,ios,52
fw_usr_0001243,fw_acc_01243,primary,US,ios,52
fw_usr_0001244,fw_acc_01244,primary,US,ios,34
fw_usr_0001245,fw_acc_01245,primary,US,android,30
fw_usr_0001246,fw_acc_01246,primary,US,ios,71
fw_usr_0001247,fw_acc_01247,primary,US,ios,81
fw_usr_0001248,fw_acc_01248,primary,US,android,54
fw_usr_0001249,fw_acc_01249,primary,US,ios,12
fw_usr_0001250,fw_acc_01250,primary,US,ios,86
fw_usr_0001251,fw_acc_01251,primary,US,ios,87
fw_usr_0001252,fw_acc_01252,primary,US,ios,18
fw_usr_0001253,fw_acc_01253,primary,US,ios,24
fw_usr_0001254,fw_acc_01254,primary,US,ios,50
fw_usr_0001255,fw_acc_01255,primary,US,ios,73
fw_usr_0001256,fw_acc_01256,primary,US,ios,43
fw_usr_0001257,fw_acc_01257,primary,US,ios,15
fw_usr_0001258,fw_acc_01258,primary,US,android,83
fw_usr_0001259,fw_acc_01259,primary,US,ios,79
fw_usr_0001260,fw_acc_01260,primary,US,android,55
fw_usr_0001261,fw_acc_01261,primary,US,ios,69
fw_usr_0001262,fw_acc_01262,primary,US,android,19
fw_usr_0001263,fw_acc_01263,primary,US,android,30
fw_usr_0001264,fw_acc_01264,primary,US,ios,80
fw_usr_0001265,fw_acc_01265,primary,US,ios,39
fw_usr_0001266,fw_acc_01266,primary,US,ios,47
fw_usr_0001267,fw_acc_01267,primary,US,android,80
fw_usr_0001268,fw_acc_01268,primary,US,ios,5
fw_usr_0001269,fw_acc_01269,primary,US,android,3
fw_usr_0001270,fw_acc_01270,primary,US,ios,21
fw_usr_0001271,fw_acc_01271,primary,US,ios,61
fw_usr_0001272,fw_acc_01272,primary,US,android,28
fw_usr_0001273,fw_acc_01273,primary,US,ios,0
fw_usr_0001274,fw_acc_01274,primary,US,android,0
fw_usr_0001275,fw_acc_01275,primary,US,android,84
fw_usr_0001276,fw_acc_01276,primary,US,android,65
fw_usr_0001277,fw_acc_01277,primary,US,ios,55
fw_usr_0001278,fw_acc_01278,primary,US,ios,55
fw_usr_0001279,fw_acc_01279,primary,US,android,49
fw_usr_0001280,fw_acc_01280,primary,US,ios,33
fw_usr_0001281,fw_acc_01281,primary,US,ios,14
fw_usr_0001282,fw_acc_01282,primary,US,android,49
fw_usr_0001283,fw_acc_01283,primary,US,android,42
fw_usr_0001284,fw_acc_01284,primary,US,ios,9
fw_usr_0001285,fw_acc_01285,primary,US,ios,10
fw_usr_0001286,fw_acc_01286,primary,US,ios,42
fw_usr_0001287,fw_acc_01287,primary,US,ios,78
fw_usr_0001288,fw_acc_01288,primary,US,android,42
fw_usr_0001289,fw_acc_01289,primary,US,ios,3
fw_usr_0001290,fw_acc_01290,primary,US,ios,6
fw_usr_0001291,fw_acc_01291,primary,US,android,8
fw_usr_0001292,fw_acc_01292,primary,US,ios,48
fw_usr_0001293,fw_acc_01293,primary,US,android,67
fw_usr_0001294,fw_acc_01294,primary,US,ios,7
fw_usr_0001295,fw_acc_01295,primary,US,android,78
fw_usr_0001296,fw_acc_01296,primary,US,android,82
fw_usr_0001297,fw_acc_01297,primary,US,ios,35
fw_usr_0001298,fw_acc_01298,primary,US,android,48
fw_usr_0001299,fw_acc_01299,primary,US,android,68
fw_usr_0001300,fw_acc_01300,primary,US,ios,9
fw_usr_0001301,fw_acc_01301,primary,US,android,41
fw_usr_0001302,fw_acc_01302,primary,US,ios,6
fw_usr_0001303,fw_acc_01303,primary,US,android,58
fw_usr_0001304,fw_acc_01304,primary,US,android,79
fw_usr_0001305,fw_acc_01305,primary,US,ios,22
fw_usr_0001306,fw_acc_01306,primary,US,android,80
fw_usr_0001307,fw_acc_01307,primary,US,ios,66
fw_usr_0001308,fw_acc_01308,primary,US,ios,25
fw_usr_0001309,fw_acc_01309,primary,US,ios,74
fw_usr_0001310,fw_acc_01310,primary,US,android,56
fw_usr_0001311,fw_acc_01311,primary,US,android,82
fw_usr_0001312,fw_acc_01312,primary,US,ios,52
fw_usr_0001313,fw_acc_01313,primary,US,ios,80
fw_usr_0001314,fw_acc_01314,primary,US,ios,18
fw_usr_0001315,fw_acc_01315,primary,US,ios,76
fw_usr_0001316,fw_acc_01316,primary,US,ios,47
fw_usr_0001317,fw_acc_01317,primary,US,ios,70
fw_usr_0001318,fw_acc_01318,primary,US,ios,35
fw_usr_0001319,fw_acc_01319,primary,US,ios,31
fw_usr_0001320,fw_acc_01320,primary,US,android,63
fw_usr_0001321,fw_acc_01321,primary,US,ios,56
fw_usr_0001322,fw_acc_01322,primary,US,android,56
fw_usr_0001323,fw_acc_01323,primary,US,android,76
fw_usr_0001324,fw_acc_01324,primary,US,ios,36
fw_usr_0001325,fw_acc_01325,primary,US,android,50
fw_usr_0001326,fw_acc_01326,primary,US,ios,20
fw_usr_0001327,fw_acc_01327,primary,US,android,7
fw_usr_0001328,fw_acc_01328,primary,US,ios,57
fw_usr_0001329,fw_acc_01329,primary,US,ios,17
fw_usr_0001330,fw_acc_01330,primary,US,android,51
fw_usr_0001331,fw_acc_01331,primary,US,ios,72
fw_usr_0001332,fw_acc_01332,primary,US,android,16
fw_usr_0001333,fw_acc_01333,primary,US,android,76
fw_usr_0001334,fw_acc_01334,primary,US,android,17
fw_usr_0001335,fw_acc_01335,primary,US,ios,31
fw_usr_0001336,fw_acc_01336,primary,US,ios,71
fw_usr_0001337,fw_acc_01337,primary,US,ios,77
fw_usr_0001338,fw_acc_01338,primary,US,ios,62
fw_usr_0001339,fw_acc_01339,primary,US,android,82
fw_usr_0001340,fw_acc_01340,primary,US,ios,89
fw_usr_0001341,fw_acc_01341,primary,US,ios,49
fw_usr_0001342,fw_acc_01342,primary,US,android,6
fw_usr_0001343,fw_acc_01343,primary,US,android,20
fw_usr_0001344,fw_acc_01344,primary,US,ios,72
fw_usr_0001345,fw_acc_01345,primary,US,android,89
fw_usr_0001346,fw_acc_01346,primary,US,android,77
fw_usr_0001347,fw_acc_01347,primary,US,ios,79
fw_usr_0001348,fw_acc_01348,primary,US,android,33
fw_usr_0001349,fw_acc_01349,primary,US,ios,2
fw_usr_0001350,fw_acc_01350,primary,US,ios,50
fw_usr_0001351,fw_acc_01351,primary,US,ios,67
fw_usr_0001352,fw_acc_01352,primary,US,ios,64
fw_usr_0001353,fw_acc_01353,primary,US,android,34
fw_usr_0001354,fw_acc_01354,primary,US,android,24
fw_usr_0001355,fw_acc_01355,primary,US,ios,25
fw_usr_0001356,fw_acc_01356,primary,US,ios,59
fw_usr_0001357,fw_acc_01357,primary,US,ios,29
fw_usr_0001358,fw_acc_01358,primary,US,ios,11
fw_usr_0001359,fw_acc_01359,primary,US,ios,16
fw_usr_0001360,fw_acc_01360,primary,US,android,40
fw_usr_0001361,fw_acc_01361,primary,US,android,45
fw_usr_0001362,fw_acc_01362,primary,US,android,21
fw_usr_0001363,fw_acc_01363,primary,US,ios,25
fw_usr_0001364,fw_acc_01364,primary,US,ios,88
fw_usr_0001365,fw_acc_01365,primary,US,ios,51
fw_usr_0001366,fw_acc_01366,primary,US,ios,13
fw_usr_0001367,fw_acc_01367,primary,US,ios,64
fw_usr_0001368,fw_acc_01368,primary,US,ios,10
fw_usr_0001369,fw_acc_01369,primary,US,ios,30
fw_usr_0001370,fw_acc_01370,primary,US,android,84
fw_usr_0001371,fw_acc_01371,primary,US,android,73
fw_usr_0001372,fw_acc_01372,primary,US,ios,13
fw_usr_0001373,fw_acc_01373,primary,US,ios,10
fw_usr_0001374,fw_acc_01374,primary,US,android,40
fw_usr_0001375,fw_acc_01375,primary,US,android,54
fw_usr_0001376,fw_acc_01376,primary,US,ios,44
fw_usr_0001377,fw_acc_01377,primary,US,ios,54
fw_usr_0001378,fw_acc_01378,primary,US,ios,82
fw_usr_0001379,fw_acc_01379,primary,US,android,65
fw_usr_0001380,fw_acc_01380,primary,US,ios,50
fw_usr_0001381,fw_acc_01381,primary,US,ios,59
fw_usr_0001382,fw_acc_01382,primary,US,ios,64
fw_usr_0001383,fw_acc_01383,primary,US,android,52
fw_usr_0001384,fw_acc_01384,primary,US,android,48
fw_usr_0001385,fw_acc_01385,primary,US,ios,15
fw_usr_0001386,fw_acc_01386,primary,US,ios,24
fw_usr_0001387,fw_acc_01387,primary,US,android,27
fw_usr_0001388,fw_acc_01388,primary,US,android,34
fw_usr_0001389,fw_acc_01389,primary,US,ios,64
fw_usr_0001390,fw_acc_01390,primary,US,ios,49
fw_usr_0001391,fw_acc_01391,primary,US,ios,33
fw_usr_0001392,fw_acc_01392,primary,US,ios,75
fw_usr_0001393,fw_acc_01393,primary,US,ios,6
fw_usr_0001394,fw_acc_01394,primary,US,android,85
fw_usr_0001395,fw_acc_01395,primary,US,android,50
fw_usr_0001396,fw_acc_01396,primary,US,android,39
fw_usr_0001397,fw_acc_01397,primary,US,android,50
fw_usr_0001398,fw_acc_01398,primary,US,android,62
fw_usr_0001399,fw_acc_01399,primary,US,ios,5
fw_usr_0001400,fw_acc_01400,primary,US,ios,57
fw_usr_0001401,fw_acc_01401,primary,US,ios,35
fw_usr_0001402,fw_acc_01402,primary,US,android,36
fw_usr_0001403,fw_acc_01403,primary,US,ios,6
fw_usr_0001404,fw_acc_01404,primary,US,ios,30
fw_usr_0001405,fw_acc_01405,primary,US,android,57
fw_usr_0001406,fw_acc_01406,primary,US,android,26
fw_usr_0001407,fw_acc_01407,primary,US,android,46
fw_usr_0001408,fw_acc_01408,primary,US,android,13
fw_usr_0001409,fw_acc_01409,primary,US,android,50
fw_usr_0001410,fw_acc_01410,primary,US,android,60
fw_usr_0001411,fw_acc_01411,primary,US,android,36
fw_usr_0001412,fw_acc_01412,primary,US,ios,18
fw_usr_0001413,fw_acc_01413,primary,US,android,59
fw_usr_0001414,fw_acc_01414,primary,US,android,63
fw_usr_0001415,fw_acc_01415,primary,US,android,62
fw_usr_0001416,fw_acc_01416,primary,US,ios,21
fw_usr_0001417,fw_acc_01417,primary,US,android,23
fw_usr_0001418,fw_acc_01418,primary,US,ios,30
fw_usr_0001419,fw_acc_01419,primary,US,android,20
fw_usr_0001420,fw_acc_01420,primary,US,ios,81
fw_usr_0001421,fw_acc_01421,primary,US,android,86
fw_usr_0001422,fw_acc_01422,primary,US,ios,62
fw_usr_0001423,fw_acc_01423,primary,US,ios,64
fw_usr_0001424,fw_acc_01424,primary,US,android,23
fw_usr_0001425,fw_acc_01425,primary,US,ios,13
fw_usr_0001426,fw_acc_01426,primary,US,ios,80
fw_usr_0001427,fw_acc_01427,primary,US,ios,24
fw_usr_0001428,fw_acc_01428,primary,US,android,33
fw_usr_0001429,fw_acc_01429,primary,US,ios,66
fw_usr_0001430,fw_acc_01430,primary,US,ios,53
fw_usr_0001431,fw_acc_01431,primary,US,ios,66
fw_usr_0001432,fw_acc_01432,primary,US,ios,69
fw_usr_0001433,fw_acc_01433,primary,US,android,77
fw_usr_0001434,fw_acc_01434,primary,US,android,80
fw_usr_0001435,fw_acc_01435,primary,US,ios,87
fw_usr_0001436,fw_acc_01436,primary,US,android,77
fw_usr_0001437,fw_acc_01437,primary,US,ios,56
fw_usr_0001438,fw_acc_01438,primary,US,android,29
fw_usr_0001439,fw_acc_01439,primary,US,ios,54
fw_usr_0001440,fw_acc_01440,primary,US,android,29
fw_usr_0001441,fw_acc_01441,primary,US,ios,45
fw_usr_0001442,fw_acc_01442,primary,US,ios,14
fw_usr_0001443,fw_acc_01443,primary,US,ios,65
fw_usr_0001444,fw_acc_01444,primary,US,ios,22
fw_usr_0001445,fw_acc_01445,primary,US,ios,69
fw_usr_0001446,fw_acc_01446,primary,US,android,50
fw_usr_0001447,fw_acc_01447,primary,US,android,52
fw_usr_0001448,fw_acc_01448,primary,US,ios,3
fw_usr_0001449,fw_acc_01449,primary,US,android,43
fw_usr_0001450,fw_acc_01450,primary,US,android,29
fw_usr_0001451,fw_acc_01451,primary,US,android,78
fw_usr_0001452,fw_acc_01452,primary,US,android,57
fw_usr_0001453,fw_acc_01453,primary,US,android,2
fw_usr_0001454,fw_acc_01454,primary,US,android,63
fw_usr_0001455,fw_acc_01455,primary,US,ios,89
fw_usr_0001456,fw_acc_01456,primary,US,ios,75
fw_usr_0001457,fw_acc_01457,primary,US,ios,69
fw_usr_0001458,fw_acc_01458,primary,US,ios,81
fw_usr_0001459,fw_acc_01459,primary,US,android,55
fw_usr_0001460,fw_acc_01460,primary,US,android,87
fw_usr_0001461,fw_acc_01461,primary,US,ios,15
fw_usr_0001462,fw_acc_01462,primary,US,ios,58
fw_usr_0001463,fw_acc_01463,primary,US,android,61
fw_usr_0001464,fw_acc_01464,primary,US,android,33
fw_usr_0001465,fw_acc_01465,primary,US,android,85
fw_usr_0001466,fw_acc_01466,primary,US,android,63
fw_usr_0001467,fw_acc_01467,primary,US,ios,30
fw_usr_0001468,fw_acc_01468,primary,US,ios,51
fw_usr_0001469,fw_acc_01469,primary,US,android,79
fw_usr_0001470,fw_acc_01470,primary,US,android,18
fw_usr_0001471,fw_acc_01471,primary,US,android,1
fw_usr_0001472,fw_acc_01472,primary,US,android,46
fw_usr_0001473,fw_acc_01473,primary,US,ios,0
fw_usr_0001474,fw_acc_01474,primary,US,android,64
fw_usr_0001475,fw_acc_01475,primary,US,android,35
fw_usr_0001476,fw_acc_01476,primary,US,ios,83
fw_usr_0001477,fw_acc_01477,primary,US,android,41
fw_usr_0001478,fw_acc_01478,primary,US,ios,70
fw_usr_0001479,fw_acc_01479,primary,US,ios,44
fw_usr_0001480,fw_acc_01480,primary,US,android,41
fw_usr_0001481,fw_acc_01481,primary,US,android,86
fw_usr_0001482,fw_acc_01482,primary,US,ios,20
fw_usr_0001483,fw_acc_01483,primary,US,android,11
fw_usr_0001484,fw_acc_01484,primary,US,ios,50
fw_usr_0001485,fw_acc_01485,primary,US,android,85
fw_usr_0001486,fw_acc_01486,primary,US,ios,53
fw_usr_0001487,fw_acc_01487,primary,US,android,1
fw_usr_0001488,fw_acc_01488,primary,US,ios,64
fw_usr_0001489,fw_acc_01489,primary,US,android,57
fw_usr_0001490,fw_acc_01490,primary,US,android,73
fw_usr_0001491,fw_acc_01491,primary,US,android,33
fw_usr_0001492,fw_acc_01492,primary,US,ios,51
fw_usr_0001493,fw_acc_01493,primary,US,ios,72
fw_usr_0001494,fw_acc_01494,primary,US,ios,19
fw_usr_0001495,fw_acc_01495,primary,US,android,9
fw_usr_0001496,fw_acc_01496,primary,US,android,71
fw_usr_0001497,fw_acc_01497,primary,US,ios,22
fw_usr_0001498,fw_acc_01498,primary,US,android,9
fw_usr_0001499,fw_acc_01499,primary,US,ios,73
fw_usr_0001500,fw_acc_01500,primary,US,android,17
fw_usr_0001501,fw_acc_01501,primary,US,ios,66
fw_usr_0001502,fw_acc_01502,primary,US,android,59
fw_usr_0001503,fw_acc_01503,primary,US,ios,76
fw_usr_0001504,fw_acc_01504,primary,US,android,65
fw_usr_0001505,fw_acc_01505,primary,US,android,75
fw_usr_0001506,fw_acc_01506,primary,US,ios,68
fw_usr_0001507,fw_acc_01507,primary,US,ios,87
fw_usr_0001508,fw_acc_01508,primary,US,ios,34
fw_usr_0001509,fw_acc_01509,primary,US,ios,57
fw_usr_0001510,fw_acc_01510,primary,US,ios,68
fw_usr_0001511,fw_acc_01511,primary,US,android,69
fw_usr_0001512,fw_acc_01512,primary,US,android,36
fw_usr_0001513,fw_acc_01513,primary,US,android,85
fw_usr_0001514,fw_acc_01514,primary,US,ios,2
fw_usr_0001515,fw_acc_01515,primary,US,ios,20
fw_usr_0001516,fw_acc_01516,primary,US,ios,16
fw_usr_0001517,fw_acc_01517,primary,US,android,84
fw_usr_0001518,fw_acc_01518,primary,US,ios,81
fw_usr_0001519,fw_acc_01519,primary,US,ios,90
fw_usr_0001520,fw_acc_01520,primary,US,ios,77
fw_usr_0001521,fw_acc_01521,primary,US,ios,88
fw_usr_0001522,fw_acc_01522,primary,US,android,29
fw_usr_0001523,fw_acc_01523,primary,US,ios,83
fw_usr_0001524,fw_acc_01524,primary,US,ios,69
fw_usr_0001525,fw_acc_01525,primary,US,ios,76
fw_usr_0001526,fw_acc_01526,primary,US,ios,76
fw_usr_0001527,fw_acc_01527,primary,US,android,46
fw_usr_0001528,fw_acc_01528,primary,US,ios,64
fw_usr_0001529,fw_acc_01529,primary,US,ios,37
fw_usr_0001530,fw_acc_01530,primary,US,ios,82
fw_usr_0001531,fw_acc_01531,primary,US,ios,16
fw_usr_0001532,fw_acc_01532,primary,US,ios,38
fw_usr_0001533,fw_acc_01533,primary,US,android,77
fw_usr_0001534,fw_acc_01534,primary,US,android,84
fw_usr_0001535,fw_acc_01535,primary,US,ios,78
fw_usr_0001536,fw_acc_01536,primary,US,ios,65
fw_usr_0001537,fw_acc_01537,primary,US,android,80
fw_usr_0001538,fw_acc_01538,primary,US,android,71
fw_usr_0001539,fw_acc_01539,primary,US,android,10
fw_usr_0001540,fw_acc_01540,primary,US,ios,36
fw_usr_0001541,fw_acc_01541,primary,US,ios,44
fw_usr_0001542,fw_acc_01542,primary,US,ios,70
fw_usr_0001543,fw_acc_01543,primary,US,ios,62
fw_usr_0001544,fw_acc_01544,primary,US,android,58
fw_usr_0001545,fw_acc_01545,primary,US,ios,4
fw_usr_0001546,fw_acc_01546,primary,US,ios,88
fw_usr_0001547,fw_acc_01547,primary,US,android,83
fw_usr_0001548,fw_acc_01548,primary,US,android,56
fw_usr_0001549,fw_acc_01549,primary,US,ios,52
fw_usr_0001550,fw_acc_01550,primary,US,ios,22
fw_usr_0001551,fw_acc_01551,primary,US,ios,87
fw_usr_0001552,fw_acc_01552,primary,US,ios,69
fw_usr_0001553,fw_acc_01553,primary,US,ios,58
fw_usr_0001554,fw_acc_01554,primary,US,ios,49
fw_usr_0001555,fw_acc_01555,primary,US,android,42
fw_usr_0001556,fw_acc_01556,primary,US,ios,69
fw_usr_0001557,fw_acc_01557,primary,US,ios,84
fw_usr_0001558,fw_acc_01558,primary,US,ios,31
fw_usr_0001559,fw_acc_01559,primary,US,android,58
fw_usr_0001560,fw_acc_01560,primary,US,ios,35
fw_usr_0001561,fw_acc_01561,primary,US,android,48
fw_usr_0001562,fw_acc_01562,primary,US,ios,9
fw_usr_0001563,fw_acc_01563,primary,US,android,78
fw_usr_0001564,fw_acc_01564,primary,US,android,76
fw_usr_0001565,fw_acc_01565,primary,US,android,72
fw_usr_0001566,fw_acc_01566,primary,US,ios,59
fw_usr_0001567,fw_acc_01567,primary,US,ios,63
fw_usr_0001568,fw_acc_01568,primary,US,ios,78
fw_usr_0001569,fw_acc_01569,primary,US,ios,61
fw_usr_0001570,fw_acc_01570,primary,US,android,49
fw_usr_0001571,fw_acc_01571,primary,US,ios,69
fw_usr_0001572,fw_acc_01572,primary,US,android,84
fw_usr_0001573,fw_acc_01573,primary,US,ios,66
fw_usr_0001574,fw_acc_01574,primary,US,ios,55
fw_usr_0001575,fw_acc_01575,primary,US,android,61
fw_usr_0001576,fw_acc_01576,primary,US,android,19
fw_usr_0001577,fw_acc_01577,primary,US,android,50
fw_usr_0001578,fw_acc_01578,primary,US,ios,66
fw_usr_0001579,fw_acc_01579,primary,US,ios,42
fw_usr_0001580,fw_acc_01580,primary,US,android,63
fw_usr_0001581,fw_acc_01581,primary,US,android,4
fw_usr_0001582,fw_acc_01582,primary,US,android,64
fw_usr_0001583,fw_acc_01583,primary,US,android,40
fw_usr_0001584,fw_acc_01584,primary,US,ios,63
fw_usr_0001585,fw_acc_01585,primary,US,android,0
fw_usr_0001586,fw_acc_01586,primary,US,ios,51
fw_usr_0001587,fw_acc_01587,primary,US,ios,82
fw_usr_0001588,fw_acc_01588,primary,US,ios,73
fw_usr_0001589,fw_acc_01589,primary,US,android,80
fw_usr_0001590,fw_acc_01590,primary,US,ios,53
fw_usr_0001591,fw_acc_01591,primary,US,ios,6
fw_usr_0001592,fw_acc_01592,primary,US,ios,47
fw_usr_0001593,fw_acc_01593,primary,US,android,72
fw_usr_0001594,fw_acc_01594,primary,US,android,46
fw_usr_0001595,fw_acc_01595,primary,US,ios,54
fw_usr_0001596,fw_acc_01596,primary,US,android,51
fw_usr_0001597,fw_acc_01597,primary,US,ios,87
fw_usr_0001598,fw_acc_01598,primary,US,ios,58
fw_usr_0001599,fw_acc_01599,primary,US,ios,72
fw_usr_0001600,fw_acc_01600,primary,US,ios,4
fw_usr_0001601,fw_acc_01601,primary,US,ios,3
fw_usr_0001602,fw_acc_01602,primary,US,android,37
fw_usr_0001603,fw_acc_01603,primary,US,android,47
fw_usr_0001604,fw_acc_01604,primary,US,android,41
fw_usr_0001605,fw_acc_01605,primary,US,ios,84
fw_usr_0001606,fw_acc_01606,primary,US,android,47
fw_usr_0001607,fw_acc_01607,primary,US,ios,32
fw_usr_0001608,fw_acc_01608,primary,US,ios,89
fw_usr_0001609,fw_acc_01609,primary,US,ios,67
fw_usr_0001610,fw_acc_01610,primary,US,android,50
fw_usr_0001611,fw_acc_01611,primary,US,ios,58
fw_usr_0001612,fw_acc_01612,primary,US,android,55
fw_usr_0001613,fw_acc_01613,primary,US,android,38
fw_usr_0001614,fw_acc_01614,primary,US,android,82
fw_usr_0001615,fw_acc_01615,primary,US,android,78
fw_usr_0001616,fw_acc_01616,primary,US,ios,41
fw_usr_0001617,fw_acc_01617,primary,US,ios,45
fw_usr_0001618,fw_acc_01618,primary,US,android,81
fw_usr_0001619,fw_acc_01619,primary,US,android,17
fw_usr_0001620,fw_acc_01620,primary,US,android,87
fw_usr_0001621,fw_acc_01621,primary,US,ios,68
fw_usr_0001622,fw_acc_01622,primary,US,ios,84
fw_usr_0001623,fw_acc_01623,primary,US,ios,80
fw_usr_0001624,fw_acc_01624,primary,US,ios,50
fw_usr_0001625,fw_acc_01625,primary,US,ios,28
fw_usr_0001626,fw_acc_01626,primary,US,android,24
fw_usr_0001627,fw_acc_01627,primary,US,ios,87
fw_usr_0001628,fw_acc_01628,primary,US,ios,73
fw_usr_0001629,fw_acc_01629,primary,US,android,13
fw_usr_0001630,fw_acc_01630,primary,US,ios,55
fw_usr_0001631,fw_acc_01631,primary,US,android,21
fw_usr_0001632,fw_acc_01632,primary,US,ios,33
fw_usr_0001633,fw_acc_01633,primary,US,ios,10
fw_usr_0001634,fw_acc_01634,primary,US,android,87
fw_usr_0001635,fw_acc_01635,primary,US,ios,87
fw_usr_0001636,fw_acc_01636,primary,US,ios,41
fw_usr_0001637,fw_acc_01637,primary,US,ios,78
fw_usr_0001638,fw_acc_01638,primary,US,android,43
fw_usr_0001639,fw_acc_01639,primary,US,ios,61
fw_usr_0001640,fw_acc_01640,primary,US,ios,88
fw_usr_0001641,fw_acc_01641,primary,US,ios,43
fw_usr_0001642,fw_acc_01642,primary,US,ios,49
fw_usr_0001643,fw_acc_01643,primary,US,android,66
fw_usr_0001644,fw_acc_01644,primary,US,ios,21
fw_usr_0001645,fw_acc_01645,primary,US,android,90
fw_usr_0001646,fw_acc_01646,primary,US,android,75
fw_usr_0001647,fw_acc_01647,primary,US,android,28
fw_usr_0001648,fw_acc_01648,primary,US,android,44
fw_usr_0001649,fw_acc_01649,primary,US,ios,43
fw_usr_0001650,fw_acc_01650,primary,US,android,67
fw_usr_0001651,fw_acc_01651,primary,US,ios,80
fw_usr_0001652,fw_acc_01652,primary,US,android,87
fw_usr_0001653,fw_acc_01653,primary,US,ios,47
fw_usr_0001654,fw_acc_01654,primary,US,android,13
fw_usr_0001655,fw_acc_01655,primary,US,ios,85
fw_usr_0001656,fw_acc_01656,primary,US,android,64
fw_usr_0001657,fw_acc_01657,primary,US,ios,13
fw_usr_0001658,fw_acc_01658,primary,US,android,71
fw_usr_0001659,fw_acc_01659,primary,US,ios,90
fw_usr_0001660,fw_acc_01660,primary,US,android,50
fw_usr_0001661,fw_acc_01661,primary,US,ios,53
fw_usr_0001662,fw_acc_01662,primary,US,android,90
fw_usr_0001663,fw_acc_01663,primary,US,android,61
fw_usr_0001664,fw_acc_01664,primary,US,ios,46
fw_usr_0001665,fw_acc_01665,primary,US,android,90
fw_usr_0001666,fw_acc_01666,primary,US,ios,71
fw_usr_0001667,fw_acc_01667,primary,US,ios,41
fw_usr_0001668,fw_acc_01668,primary,US,ios,2
fw_usr_0001669,fw_acc_01669,primary,US,ios,50
fw_usr_0001670,fw_acc_01670,primary,US,ios,79
fw_usr_0001671,fw_acc_01671,primary,US,ios,48
fw_usr_0001672,fw_acc_01672,primary,US,android,44
fw_usr_0001673,fw_acc_01673,primary,US,ios,0
fw_usr_0001674,fw_acc_01674,primary,US,ios,24
fw_usr_0001675,fw_acc_01675,primary,US,ios,70
fw_usr_0001676,fw_acc_01676,primary,US,ios,79
fw_usr_0001677,fw_acc_01677,primary,US,ios,86
fw_usr_0001678,fw_acc_01678,primary,US,ios,86
fw_usr_0001679,fw_acc_01679,primary,US,android,65
fw_usr_0001680,fw_acc_01680,primary,US,ios,73
fw_usr_0001681,fw_acc_01681,primary,US,android,9
fw_usr_0001682,fw_acc_01682,primary,US,android,14
fw_usr_0001683,fw_acc_01683,primary,US,ios,68
fw_usr_0001684,fw_acc_01684,primary,US,android,61
fw_usr_0001685,fw_acc_01685,primary,US,android,33
fw_usr_0001686,fw_acc_01686,primary,US,android,25
fw_usr_0001687,fw_acc_01687,primary,US,ios,83
fw_usr_0001688,fw_acc_01688,primary,US,android,90
fw_usr_0001689,fw_acc_01689,primary,US,ios,42
fw_usr_0001690,fw_acc_01690,primary,US,ios,74
fw_usr_0001691,fw_acc_01691,primary,US,ios,47
fw_usr_0001692,fw_acc_01692,primary,US,ios,4
fw_usr_0001693,fw_acc_01693,primary,US,android,83
fw_usr_0001694,fw_acc_01694,primary,US,ios,43
fw_usr_0001695,fw_acc_01695,primary,US,ios,50
fw_usr_0001696,fw_acc_01696,primary,US,android,35
fw_usr_0001697,fw_acc_01697,primary,US,ios,41
fw_usr_0001698,fw_acc_01698,primary,US,android,37
fw_usr_0001699,fw_acc_01699,primary,US,ios,58
fw_usr_0001700,fw_acc_01700,primary,US,ios,13
fw_usr_0001701,fw_acc_01701,primary,US,android,41
fw_usr_0001702,fw_acc_01702,primary,US,ios,42
fw_usr_0001703,fw_acc_01703,primary,US,ios,43
fw_usr_0001704,fw_acc_01704,primary,US,ios,53
fw_usr_0001705,fw_acc_01705,primary,US,android,79
fw_usr_0001706,fw_acc_01706,primary,US,ios,82
fw_usr_0001707,fw_acc_01707,primary,US,ios,53
fw_usr_0001708,fw_acc_01708,primary,US,ios,60
fw_usr_0001709,fw_acc_01709,primary,US,ios,67
fw_usr_0001710,fw_acc_01710,primary,US,ios,12
fw_usr_0001711,fw_acc_01711,primary,US,ios,30
fw_usr_0001712,fw_acc_01712,primary,US,android,54
fw_usr_0001713,fw_acc_01713,primary,US,android,84
fw_usr_0001714,fw_acc_01714,primary,US,ios,32
fw_usr_0001715,fw_acc_01715,primary,US,ios,2
fw_usr_0001716,fw_acc_01716,primary,US,android,79
fw_usr_0001717,fw_acc_01717,primary,US,ios,34
fw_usr_0001718,fw_acc_01718,primary,US,ios,19
fw_usr_0001719,fw_acc_01719,primary,US,android,89
fw_usr_0001720,fw_acc_01720,primary,US,android,81
fw_usr_0001721,fw_acc_01721,primary,US,android,48
fw_usr_0001722,fw_acc_01722,primary,US,ios,11
fw_usr_0001723,fw_acc_01723,primary,US,ios,4
fw_usr_0001724,fw_acc_01724,primary,US,ios,41
fw_usr_0001725,fw_acc_01725,primary,US,ios,58
fw_usr_0001726,fw_acc_01726,primary,US,ios,49
fw_usr_0001727,fw_acc_01727,primary,US,ios,78
fw_usr_0001728,fw_acc_01728,primary,US,ios,67
fw_usr_0001729,fw_acc_01729,primary,US,ios,74
fw_usr_0001730,fw_acc_01730,primary,US,ios,75
fw_usr_0001731,fw_acc_01731,primary,US,android,67
fw_usr_0001732,fw_acc_01732,primary,US,ios,65
fw_usr_0001733,fw_acc_01733,primary,US,android,7
fw_usr_0001734,fw_acc_01734,primary,US,ios,77
fw_usr_0001735,fw_acc_01735,primary,US,android,16
fw_usr_0001736,fw_acc_01736,primary,US,ios,61
fw_usr_0001737,fw_acc_01737,primary,US,android,0
fw_usr_0001738,fw_acc_01738,primary,US,ios,53
fw_usr_0001739,fw_acc_01739,primary,US,android,16
fw_usr_0001740,fw_acc_01740,primary,US,ios,84
fw_usr_0001741,fw_acc_01741,primary,US,android,65
fw_usr_0001742,fw_acc_01742,primary,US,ios,67
fw_usr_0001743,fw_acc_01743,primary,US,ios,71
fw_usr_0001744,fw_acc_01744,primary,US,ios,44
fw_usr_0001745,fw_acc_01745,primary,US,ios,40
fw_usr_0001746,fw_acc_01746,primary,US,ios,89
fw_usr_0001747,fw_acc_01747,primary,US,android,65
fw_usr_0001748,fw_acc_01748,primary,US,ios,54
fw_usr_0001749,fw_acc_01749,primary,US,ios,33
fw_usr_0001750,fw_acc_01750,primary,US,ios,41
fw_usr_0001751,fw_acc_01751,primary,US,ios,62
fw_usr_0001752,fw_acc_01752,primary,US,ios,80
fw_usr_0001753,fw_acc_01753,primary,US,ios,57
fw_usr_0001754,fw_acc_01754,primary,US,ios,58
fw_usr_0001755,fw_acc_01755,primary,US,ios,35
fw_usr_0001756,fw_acc_01756,primary,US,android,85
fw_usr_0001757,fw_acc_01757,primary,US,android,38
fw_usr_0001758,fw_acc_01758,primary,US,ios,63
fw_usr_0001759,fw_acc_01759,primary,US,android,51
fw_usr_0001760,fw_acc_01760,primary,US,ios,65
fw_usr_0001761,fw_acc_01761,primary,US,ios,43
fw_usr_0001762,fw_acc_01762,primary,US,android,85
fw_usr_0001763,fw_acc_01763,primary,US,android,35
fw_usr_0001764,fw_acc_01764,primary,US,android,70
fw_usr_0001765,fw_acc_01765,primary,US,ios,76
fw_usr_0001766,fw_acc_01766,primary,US,ios,57
fw_usr_0001767,fw_acc_01767,primary,US,ios,80
fw_usr_0001768,fw_acc_01768,primary,US,ios,80
fw_usr_0001769,fw_acc_01769,primary,US,ios,78
fw_usr_0001770,fw_acc_01770,primary,US,android,41
fw_usr_0001771,fw_acc_01771,primary,US,android,64
fw_usr_0001772,fw_acc_01772,primary,US,android,16
fw_usr_0001773,fw_acc_01773,primary,US,ios,38
fw_usr_0001774,fw_acc_01774,primary,US,ios,78
fw_usr_0001775,fw_acc_01775,primary,US,ios,35
fw_usr_0001776,fw_acc_01776,primary,US,ios,88
fw_usr_0001777,fw_acc_01777,primary,US,android,54
fw_usr_0001778,fw_acc_01778,primary,US,ios,42
fw_usr_0001779,fw_acc_01779,primary,US,ios,3
fw_usr_0001780,fw_acc_01780,primary,US,android,89
fw_usr_0001781,fw_acc_01781,primary,US,android,86
fw_usr_0001782,fw_acc_01782,primary,US,ios,32
fw_usr_0001783,fw_acc_01783,primary,US,ios,81
fw_usr_0001784,fw_acc_01784,primary,US,android,39
fw_usr_0001785,fw_acc_01785,primary,US,android,47
fw_usr_0001786,fw_acc_01786,primary,US,android,81
fw_usr_0001787,fw_acc_01787,primary,US,android,29
fw_usr_0001788,fw_acc_01788,primary,US,android,71
fw_usr_0001789,fw_acc_01789,primary,US,ios,34
fw_usr_0001790,fw_acc_01790,primary,US,android,38
fw_usr_0001791,fw_acc_01791,primary,US,ios,82
fw_usr_0001792,fw_acc_01792,primary,US,ios,81
fw_usr_0001793,fw_acc_01793,primary,US,android,85
fw_usr_0001794,fw_acc_01794,primary,US,ios,34
fw_usr_0001795,fw_acc_01795,primary,US,ios,26
fw_usr_0001796,fw_acc_01796,primary,US,android,0
fw_usr_0001797,fw_acc_01797,primary,US,ios,41
fw_usr_0001798,fw_acc_01798,primary,US,ios,43
fw_usr_0001799,fw_acc_01799,primary,US,ios,61
