account_id,account_name,plan_tier,vertical,company_size,acquisition_channel,integration_count,account_age_days,contract_value_aud,churned_90d,upgraded_90d
acc_000000,Orion Management,pro,financial_services,small,paid_search,4,784,9738.78,False,True
acc_000001,Leung Pty Ltd,starter,financial_services,mid,outbound,1,255,6856.58,True,False
acc_000002,Leung Pty Ltd,starter,financial_services,large,referral,1,124,2580.3,False,False
acc_000003,Prism Contractors,pro,mixed,small,outbound,4,879,25709.03,False,False
acc_000004,Okafor Inc.,starter,financial_services,small,paid_search,1,314,2975.92,False,False
acc_000005,Fischer & Associates,starter,construction,mid,paid_search,1,503,7937.14,False,False
acc_000006,Solano Consulting,starter,financial_services,small,referral,0,246,5932.63,False,False
acc_000007,Meridian Professional,starter,construction,small,outbound,1,627,3315.92,False,False
acc_000008,Fischer & Associates,starter,construction,mid,referral,1,95,4289.72,False,False
acc_000009,Leung & Co.,pro,financial_services,large,organic,2,817,10231.04,False,False
acc_000010,Argent Capital,enterprise,professional_services,mid,paid_search,4,670,80183.5,False,False
acc_000011,Meridian Advisory,enterprise,mixed,large,outbound,1,530,85604.11,False,False
acc_000012,Thompson Ltd,enterprise,mixed,small,outbound,8,100,75481.73,False,False
acc_000013,Orion Holdings,enterprise,legal,small,outbound,3,777,72202.84,False,False
acc_000014,Fischer & Co.,starter,financial_services,small,outbound,0,265,2425.96,False,False
acc_000015,Sable Services,starter,financial_services,mid,paid_search,1,165,3457.98,False,False
acc_000016,Nexus Capital,pro,legal,mid,outbound,0,691,16052.43,False,False
acc_000017,Murphy & Associates,pro,legal,small,paid_search,3,107,24160.44,False,False
acc_000018,Tandem Solutions,enterprise,mixed,mid,paid_search,7,527,41252.33,False,False
acc_000019,Meridian Management,enterprise,professional_services,small,outbound,8,778,69036.02,False,False
acc_000020,Fischer & Partners,pro,financial_services,small,paid_search,4,518,26387.74,False,True
acc_000021,Thompson & Partners,starter,financial_services,large,referral,0,613,5716.29,False,False
acc_000022,Westbrook Management,pro,healthcare,small,paid_search,2,690,17144.49,False,False
acc_000023,Jensen Inc.,enterprise,financial_services,small,referral,3,387,50910.68,False,False
acc_000024,Ridgeway Management,pro,professional_services,mid,partner,1,136,13289.32,False,False
acc_000025,Solano Group,starter,healthcare,mid,organic,1,547,7432.02,False,True
acc_000026,Leung & Partners,starter,professional_services,mid,referral,1,789,5365.44,True,False
acc_000027,Clarke & Partners,pro,professional_services,mid,paid_search,0,160,14165.17,False,False
acc_000028,Argent Alliance,pro,professional_services,small,outbound,4,446,22989.55,False,False
acc_000029,Harvest Advisory,pro,financial_services,large,organic,2,451,11183.96,False,False
acc_000030,Solano Services,starter,mixed,small,organic,0,263,5960.2,False,False
acc_000031,Harris & Associates,pro,healthcare,large,outbound,0,58,25540.77,False,False
acc_000032,Orion Alliance,pro,healthcare,mid,referral,3,553,25990.09,False,True
acc_000033,Okafor & Associates,pro,professional_services,large,organic,2,231,16625.95,False,False
acc_000034,Argent Management,pro,healthcare,small,referral,2,442,19088.25,False,False
acc_000035,Nexus Capital,pro,legal,mid,referral,3,245,23715.18,False,False
acc_000036,Costa & Partners,pro,mixed,mid,paid_search,2,116,18309.04,False,False
acc_000037,Jensen & Partners,pro,financial_services,small,paid_search,3,280,20225.48,False,False
acc_000038,Leung Ltd,pro,healthcare,small,paid_search,0,734,23568.41,True,False
acc_000039,Kim Ltd,pro,construction,large,paid_search,3,166,21351.55,False,False
acc_000040,Orion Holdings,pro,professional_services,small,partner,3,486,17001.4,False,False
acc_000041,Vantage Legal,pro,healthcare,small,referral,2,308,14394.19,False,False
acc_000042,Harris Ltd,starter,legal,small,outbound,0,93,6997.35,False,False
acc_000043,Tandem Services,starter,financial_services,small,organic,0,885,4929.38,True,False
acc_000044,O'Brien Inc.,pro,professional_services,mid,organic,4,160,18682.47,False,False
acc_000045,Fischer Pty Ltd,pro,professional_services,small,referral,3,365,14536.92,False,False
acc_000046,Nguyen & Associates,starter,financial_services,small,outbound,0,388,6687.4,False,False
acc_000047,Leung Inc.,pro,financial_services,mid,paid_search,3,253,21989.3,False,False
acc_000048,Nguyen & Associates,starter,professional_services,large,paid_search,1,56,5454.78,False,False
acc_000049,Pacific Associates,pro,professional_services,small,outbound,4,338,24110.56,False,False
acc_000050,Leung & Partners,pro,financial_services,mid,paid_search,3,460,10110.78,False,False
acc_000051,Clarke & Partners,pro,professional_services,large,referral,4,857,23492.83,False,False
acc_000052,Patel Pty Ltd,pro,financial_services,large,paid_search,4,505,20206.63,False,True
acc_000053,Sable Holdings,starter,professional_services,small,organic,0,748,5099.76,True,False
acc_000054,Clarke Pty Ltd,pro,financial_services,mid,organic,0,488,13884.71,False,False
acc_000055,Summit Legal,pro,healthcare,large,outbound,3,390,13418.33,False,False
acc_000056,Summit Professional,pro,professional_services,small,paid_search,2,525,22491.7,False,False
acc_000057,Vantage Health,starter,financial_services,small,paid_search,1,576,2273.09,True,False
acc_000058,Kim & Associates,enterprise,legal,large,outbound,7,510,55309.07,False,False
acc_000059,O'Brien Ltd,pro,legal,small,outbound,1,84,10983.95,False,False
acc_000060,Thompson Ltd,pro,construction,mid,paid_search,3,565,17010.29,False,False
acc_000061,Apex Associates,pro,construction,mid,partner,2,242,21208.56,False,False
acc_000062,Costa Inc.,pro,construction,small,paid_search,2,753,22059.75,False,False
acc_000063,Ridgeway Management,pro,professional_services,small,paid_search,2,260,24532.62,True,False
acc_000064,Crest Management,pro,construction,small,paid_search,2,735,21994.67,False,False
acc_000065,Costa Inc.,starter,legal,small,referral,0,123,7771.47,False,False
acc_000066,Kim & Associates,pro,construction,mid,paid_search,3,561,26321.46,False,False
acc_000067,Pacific Group,pro,legal,small,paid_search,2,194,16232.9,False,False
acc_000068,Kim Pty Ltd,pro,healthcare,small,partner,4,443,24498.54,True,False
acc_000069,Harvest Partners,starter,legal,mid,outbound,0,482,3602.34,True,False
acc_000070,Summit Health,starter,construction,mid,organic,1,348,2559.26,False,False
acc_000071,Reyes & Partners,pro,legal,mid,outbound,3,309,24694.48,False,False
acc_000072,Ridgeway Professional,enterprise,legal,large,organic,6,312,49072.27,False,False
acc_000073,Sterling Professional,pro,mixed,mid,paid_search,3,581,14902.48,False,False
acc_000074,Vantage Holdings,starter,professional_services,mid,paid_search,0,824,3909.06,False,False
acc_000075,Vantage Partners,enterprise,financial_services,large,referral,7,132,34182.13,False,True
acc_000076,Harvest Professional,pro,mixed,small,outbound,2,695,25046.83,False,False
acc_000077,Fischer & Associates,pro,construction,small,outbound,0,324,16679.43,True,False
acc_000078,Argent Consulting,pro,professional_services,large,paid_search,2,845,15169.27,False,False
acc_000079,Apex Alliance,starter,construction,small,outbound,0,539,4766.9,True,False
acc_000080,Kim & Co.,pro,mixed,mid,paid_search,2,482,27753.03,False,False
acc_000081,Thompson & Associates,starter,healthcare,mid,paid_search,1,615,7956.15,False,False
acc_000082,Halcyon Advisory,pro,professional_services,mid,paid_search,3,650,24656.78,False,False
acc_000083,Trellis Services,pro,construction,mid,organic,0,705,26068.07,False,False
acc_000084,Thompson & Partners,pro,financial_services,small,organic,1,209,23730.26,False,False
acc_000085,Nguyen Inc.,starter,professional_services,mid,organic,0,794,4809.99,True,False
acc_000086,Okafor & Co.,pro,mixed,large,organic,3,404,8278.37,False,False
acc_000087,Nguyen Inc.,pro,professional_services,large,paid_search,3,269,8500.49,False,False
acc_000088,O'Brien & Associates,starter,professional_services,large,referral,0,448,2272.08,True,False
acc_000089,Thompson & Associates,starter,legal,small,referral,0,790,7312.48,False,False
acc_000090,Nexus Partners,pro,financial_services,small,paid_search,2,401,18889.32,False,False
acc_000091,Trellis Advisory,enterprise,professional_services,small,paid_search,0,684,76781.26,True,False
acc_000092,Patel Ltd,starter,professional_services,small,paid_search,0,268,6731.86,False,False
acc_000093,Argent Solutions,starter,financial_services,mid,paid_search,1,45,6739.91,True,False
acc_000094,Jensen & Associates,starter,professional_services,mid,organic,1,517,5079.43,True,False
acc_000095,Concord Partners,pro,mixed,mid,referral,0,688,27971.74,False,False
acc_000096,Orion Management,enterprise,healthcare,small,paid_search,8,669,72153.47,False,False
acc_000097,Sterling Professional,pro,professional_services,small,outbound,4,817,22416.8,False,False
acc_000098,Crest Partners,pro,legal,small,referral,2,711,15486.02,False,False
acc_000099,Sable Professional,pro,professional_services,small,paid_search,4,91,27132.49,False,False
acc_000100,Pacific Services,enterprise,financial_services,small,referral,8,136,41189.81,False,False
acc_000101,Clarke & Associates,starter,healthcare,small,referral,1,604,2173.72,False,False
acc_000102,Sterling Consulting,starter,financial_services,mid,paid_search,0,788,6476.67,True,False
acc_000103,Concord Health,starter,professional_services,mid,outbound,0,116,2933.48,False,True
acc_000104,Ridgeway Group,pro,construction,small,paid_search,2,554,16598.27,False,False
acc_000105,Sable Consulting,starter,mixed,small,paid_search,1,246,3736.68,True,False
acc_000106,Crest Professional,starter,legal,small,outbound,0,714,4382.43,False,False
acc_000107,Fischer Inc.,starter,legal,small,outbound,1,326,2125.14,False,False
acc_000108,Sterling Contractors,enterprise,financial_services,mid,paid_search,6,633,60485.68,False,False
acc_000109,Vantage Solutions,starter,legal,small,outbound,1,824,6364.27,False,False
acc_000110,Jensen Inc.,starter,construction,mid,outbound,1,211,6526.67,False,False
acc_000111,Meridian Services,pro,construction,large,outbound,3,184,9365.73,False,False
acc_000112,Murphy Pty Ltd,pro,healthcare,mid,paid_search,2,881,9534.62,False,False
acc_000113,Meridian Holdings,pro,construction,mid,organic,4,490,21036.75,False,False
acc_000114,Patel & Co.,starter,professional_services,small,organic,0,546,3486.46,False,False
acc_000115,Thompson & Co.,starter,healthcare,small,referral,1,642,2395.47,True,False
acc_000116,Okafor Pty Ltd,pro,professional_services,large,organic,4,371,21272.24,False,False
acc_000117,Murphy & Associates,starter,professional_services,small,outbound,0,688,6020.7,False,False
acc_000118,Crest Solutions,pro,legal,small,referral,2,214,26953.37,False,False
acc_000119,Argent Professional,pro,financial_services,mid,organic,2,569,25527.86,False,False
acc_000120,Costa Inc.,pro,construction,large,organic,3,74,15285.99,False,False
acc_000121,Kim Pty Ltd,pro,financial_services,small,partner,3,833,26079.49,False,False
acc_000122,Murphy & Associates,pro,professional_services,mid,referral,4,195,10767.97,False,False
acc_000123,Prism Professional,pro,legal,small,paid_search,2,194,16986.38,False,False
acc_000124,Summit Professional,pro,healthcare,small,paid_search,2,544,12715.56,False,False
acc_000125,Apex Alliance,pro,healthcare,small,paid_search,3,879,21921.44,False,False
acc_000126,Prism Associates,starter,healthcare,mid,outbound,0,774,6657.04,True,False
acc_000127,Thompson Pty Ltd,pro,construction,small,organic,4,541,18721.08,False,False
acc_000128,Murphy & Associates,starter,healthcare,mid,paid_search,1,714,2406.08,False,False
acc_000129,Costa Ltd,starter,legal,mid,partner,1,289,6731.12,False,False
acc_000130,Concord Group,pro,healthcare,small,outbound,3,863,27616.38,False,False
acc_000131,Meridian Professional,starter,financial_services,small,paid_search,1,347,3519.88,False,True
acc_000132,Harvest Services,pro,healthcare,mid,referral,3,439,25892.75,False,False
acc_000133,Crest Services,enterprise,legal,mid,organic,6,110,65352.1,False,False
acc_000134,Sable Solutions,pro,healthcare,mid,referral,3,736,15030.94,False,False
acc_000135,Westbrook Health,pro,professional_services,small,outbound,2,445,18261.72,False,False
acc_000136,Clarke & Co.,pro,financial_services,small,organic,2,405,15657.09,False,False
acc_000137,Tandem Alliance,pro,financial_services,small,referral,2,351,12992.23,False,False
acc_000138,Crest Holdings,pro,healthcare,small,referral,2,656,21879.61,False,False
acc_000139,Argent Legal,starter,professional_services,large,organic,1,895,6257.24,False,False
acc_000140,Trellis Services,pro,professional_services,small,referral,1,259,23841.31,False,False
acc_000141,Sable Professional,pro,mixed,small,organic,2,97,15963.2,False,False
acc_000142,Patel & Partners,pro,financial_services,small,paid_search,4,507,14890.3,False,False
acc_000143,Orion Alliance,pro,mixed,small,paid_search,2,186,11293.14,False,False
acc_000144,Jensen Ltd,starter,financial_services,small,partner,1,311,5686.57,True,False
acc_000145,Nexus Contractors,starter,professional_services,mid,outbound,0,892,2487.34,False,False
acc_000146,Reyes & Co.,pro,construction,small,organic,2,588,20838.15,False,False
acc_000147,Fischer & Co.,pro,professional_services,small,referral,2,505,20133.21,False,False
acc_000148,Ridgeway Associates,enterprise,financial_services,small,outbound,3,356,56921.3,False,False
acc_000149,Orion Holdings,enterprise,legal,large,partner,5,863,85892.6,False,False
acc_000150,Harvest Management,pro,healthcare,small,partner,3,547,27333.73,False,False
acc_000151,Meridian Associates,enterprise,professional_services,mid,outbound,6,897,36303.97,False,False
acc_000152,Summit Associates,starter,construction,small,referral,1,425,6951.87,False,False
acc_000153,Sterling Contractors,starter,mixed,mid,referral,0,177,5614.78,False,True
acc_000154,Jensen & Co.,pro,legal,mid,outbound,4,365,14370.6,False,False
acc_000155,Apex Management,pro,legal,mid,outbound,2,516,14624.79,False,False
acc_000156,Jensen Pty Ltd,pro,mixed,mid,organic,0,621,19670.47,True,False
acc_000157,Nexus Associates,starter,professional_services,small,partner,0,142,2113.62,True,False
acc_000158,Tandem Services,pro,construction,mid,organic,1,774,18373.66,False,False
acc_000159,Nguyen & Co.,enterprise,legal,mid,outbound,4,722,65824.75,False,False
acc_000160,Trellis Health,pro,professional_services,mid,outbound,2,521,19209.75,False,False
acc_000161,Okafor & Co.,pro,professional_services,small,referral,2,821,8841.33,False,True
acc_000162,Orion Advisory,pro,financial_services,mid,referral,2,605,10745.46,False,False
acc_000163,Harvest Holdings,pro,financial_services,small,organic,1,132,8103.63,False,False
acc_000164,Harris & Partners,pro,professional_services,small,referral,0,90,21045.97,False,False
acc_000165,Thompson & Associates,pro,professional_services,large,paid_search,3,886,23759.21,False,False
acc_000166,Thompson & Partners,starter,construction,small,partner,1,321,7335.56,True,False
acc_000167,Patel Ltd,pro,healthcare,mid,outbound,0,765,22732.36,False,False
acc_000168,Prism Group,enterprise,professional_services,mid,outbound,6,118,69493.86,False,False
acc_000169,Ridgeway Consulting,starter,financial_services,mid,partner,1,339,5922.1,False,True
acc_000170,Concord Legal,pro,legal,large,organic,2,348,15350.88,False,False
acc_000171,Jensen & Associates,enterprise,healthcare,mid,partner,8,805,77723.69,False,False
acc_000172,Patel & Co.,pro,legal,small,partner,0,144,24575.48,False,False
acc_000173,Trellis Group,enterprise,legal,mid,organic,8,530,55619.93,False,False
acc_000174,Crest Capital,pro,professional_services,small,paid_search,1,290,19566.23,True,False
acc_000175,Okafor Pty Ltd,enterprise,mixed,small,partner,4,62,53349.75,False,False
acc_000176,Clarke & Associates,starter,professional_services,small,partner,0,416,6096.38,False,False
acc_000177,Tandem Professional,starter,legal,mid,organic,0,258,7870.94,False,False
acc_000178,Harris & Partners,starter,legal,small,paid_search,0,772,6856.87,False,False
acc_000179,Meridian Consulting,starter,financial_services,small,outbound,0,750,6443.25,False,False
acc_000180,Vantage Health,pro,healthcare,mid,organic,4,356,19958.35,False,False
acc_000181,Tandem Contractors,pro,legal,small,outbound,3,635,19117.01,True,False
acc_000182,Costa Pty Ltd,pro,professional_services,small,referral,4,218,17470.38,False,False
acc_000183,Fischer & Co.,enterprise,construction,large,outbound,6,167,43057.23,False,False
acc_000184,Kim & Partners,starter,professional_services,small,referral,0,719,3128.98,False,False
acc_000185,Prism Capital,enterprise,healthcare,large,paid_search,7,224,84695.36,False,False
acc_000186,Kim & Co.,starter,healthcare,mid,outbound,1,345,5076.9,False,True
acc_000187,Thompson & Partners,enterprise,healthcare,small,outbound,2,256,29005.63,False,False
acc_000188,Kim & Partners,starter,financial_services,mid,paid_search,1,593,6580.16,False,False
acc_000189,O'Brien Inc.,pro,healthcare,small,outbound,4,218,27806.47,False,False
acc_000190,Okafor Ltd,starter,financial_services,small,outbound,0,99,2054.85,False,False
acc_000191,Sable Contractors,enterprise,professional_services,small,outbound,0,451,60823.89,False,False
acc_000192,O'Brien & Co.,enterprise,financial_services,large,outbound,3,276,66426.41,False,False
acc_000193,Apex Legal,enterprise,legal,small,outbound,0,337,33797.03,False,False
acc_000194,Thompson & Associates,starter,legal,small,organic,0,609,3378.6,False,False
acc_000195,Costa Inc.,enterprise,professional_services,small,outbound,2,703,85583.51,False,False
acc_000196,Costa Inc.,pro,mixed,small,outbound,3,610,21540.7,False,False
acc_000197,Sterling Group,pro,legal,large,paid_search,0,477,14811.85,False,False
acc_000198,Westbrook Solutions,pro,professional_services,mid,paid_search,3,596,16636.96,False,False
acc_000199,Ridgeway Holdings,pro,professional_services,small,paid_search,3,758,14333.56,True,False
acc_000200,Westbrook Contractors,starter,healthcare,small,paid_search,0,489,2157.57,True,False
acc_000201,Vantage Solutions,starter,healthcare,small,referral,0,116,5431.76,True,False
acc_000202,Kim Ltd,starter,legal,small,referral,1,461,6696.0,False,False
acc_000203,Sable Professional,pro,legal,small,paid_search,2,435,24832.27,False,False
acc_000204,Harvest Management,pro,professional_services,mid,referral,3,647,14283.67,False,False
acc_000205,Harris Inc.,pro,healthcare,small,organic,4,403,11996.0,False,False
acc_000206,Vantage Legal,pro,professional_services,small,referral,3,739,21459.55,False,False
acc_000207,Meridian Contractors,pro,healthcare,small,outbound,3,626,18687.35,False,False
acc_000208,Harris Ltd,enterprise,professional_services,mid,outbound,1,117,75675.15,False,False
acc_000209,Murphy Ltd,enterprise,professional_services,small,organic,6,845,34568.56,False,False
acc_000210,Ridgeway Associates,pro,financial_services,small,outbound,4,725,21808.75,False,False
acc_000211,Summit Holdings,enterprise,financial_services,mid,organic,4,386,49270.13,False,False
acc_000212,Prism Capital,pro,legal,small,paid_search,0,757,24983.6,False,False
acc_000213,Nguyen Pty Ltd,starter,financial_services,mid,partner,0,267,3118.32,False,False
acc_000214,Concord Partners,pro,healthcare,mid,paid_search,4,800,10035.04,False,False
acc_000215,Fischer Inc.,starter,professional_services,mid,outbound,1,641,5522.03,False,False
acc_000216,Murphy Pty Ltd,pro,healthcare,mid,paid_search,2,167,10357.23,False,False
acc_000217,Kim & Co.,pro,financial_services,small,paid_search,4,680,21868.66,False,False
acc_000218,Kim Pty Ltd,starter,healthcare,mid,paid_search,1,397,2819.21,False,False
acc_000219,Pacific Solutions,pro,legal,mid,outbound,4,114,8617.21,False,False
acc_000220,Costa & Associates,starter,legal,mid,organic,0,592,3607.33,False,False
acc_000221,O'Brien Pty Ltd,pro,legal,small,referral,2,783,25496.2,False,False
acc_000222,Costa & Partners,enterprise,financial_services,mid,paid_search,5,785,81385.02,False,False
acc_000223,Fischer Ltd,pro,professional_services,mid,outbound,4,641,11367.55,False,False
acc_000224,Vantage Advisory,enterprise,professional_services,small,partner,6,834,84963.66,False,False
acc_000225,Concord Partners,starter,healthcare,small,organic,0,432,5464.55,True,False
acc_000226,Fischer Inc.,pro,professional_services,small,outbound,2,314,17093.91,False,False
acc_000227,Ridgeway Services,starter,mixed,mid,outbound,1,900,3306.98,False,False
acc_000228,Argent Holdings,pro,financial_services,large,organic,0,728,9991.49,False,False
acc_000229,Thompson & Associates,pro,mixed,small,partner,2,165,11179.55,False,False
acc_000230,Vantage Management,starter,mixed,small,referral,1,342,5932.91,False,True
acc_000231,Summit Partners,starter,professional_services,small,outbound,1,866,6164.19,False,False
acc_000232,Halcyon Legal,starter,professional_services,small,organic,0,801,2410.47,False,False
acc_000233,Tandem Services,starter,professional_services,large,outbound,0,483,7379.56,True,False
acc_000234,Leung & Associates,enterprise,healthcare,small,referral,3,116,62310.59,False,False
acc_000235,Nguyen Pty Ltd,pro,professional_services,small,outbound,3,551,13910.84,True,False
acc_000236,Jensen Pty Ltd,starter,financial_services,mid,paid_search,1,42,7603.55,True,False
acc_000237,Meridian Contractors,starter,professional_services,mid,partner,0,818,5524.18,True,False
acc_000238,Crest Capital,starter,healthcare,mid,organic,0,463,5843.22,False,True
acc_000239,Crest Alliance,enterprise,mixed,small,referral,4,630,71317.9,False,False
acc_000240,Harvest Services,pro,legal,mid,referral,0,789,8253.3,True,False
acc_000241,Clarke Pty Ltd,pro,professional_services,mid,paid_search,2,159,22658.72,True,False
acc_000242,Clarke & Partners,starter,financial_services,mid,outbound,1,108,4731.19,False,False
acc_000243,Halcyon Associates,starter,financial_services,mid,organic,0,263,7152.13,True,False
acc_000244,Crest Management,enterprise,financial_services,large,paid_search,6,852,41919.95,False,False
acc_000245,Clarke & Associates,starter,legal,large,paid_search,1,853,2413.56,False,False
acc_000246,Costa & Partners,pro,financial_services,small,outbound,4,341,12851.68,False,False
acc_000247,Sterling Group,pro,legal,mid,paid_search,1,449,18830.9,False,False
acc_000248,Patel Inc.,pro,healthcare,mid,referral,4,240,27662.31,False,False
acc_000249,Vantage Health,starter,financial_services,small,organic,1,452,7847.33,True,False
acc_000250,Sterling Services,pro,financial_services,mid,referral,1,163,13833.52,False,False
acc_000251,Summit Capital,pro,financial_services,large,paid_search,4,818,10179.46,False,False
acc_000252,Harris & Partners,starter,professional_services,mid,outbound,0,152,2945.69,False,False
acc_000253,Harris Pty Ltd,pro,healthcare,small,paid_search,3,394,18269.19,False,False
acc_000254,Nguyen & Partners,enterprise,construction,mid,paid_search,2,134,35530.1,True,False
acc_000255,Nguyen Inc.,starter,legal,mid,partner,1,116,7504.57,True,False
acc_000256,Reyes Inc.,pro,financial_services,large,organic,0,369,26845.61,True,False
acc_000257,Nguyen Inc.,starter,financial_services,mid,paid_search,1,249,3679.13,False,True
acc_000258,Pacific Contractors,starter,legal,mid,paid_search,0,316,4515.41,False,False
acc_000259,Sterling Management,starter,healthcare,mid,outbound,1,830,7476.06,False,False
acc_000260,Thompson Ltd,starter,professional_services,mid,paid_search,0,513,7843.88,True,False
acc_000261,Fischer & Partners,pro,mixed,small,partner,4,254,24930.1,False,False
acc_000262,Harvest Capital,starter,construction,mid,outbound,1,635,7685.35,False,False
acc_000263,Argent Alliance,starter,legal,small,paid_search,1,254,2004.1,False,False
acc_000264,Tandem Management,pro,professional_services,small,paid_search,0,751,24929.62,False,False
acc_000265,Costa & Co.,starter,healthcare,small,paid_search,1,477,3045.22,False,False
acc_000266,Jensen Pty Ltd,starter,construction,small,referral,0,735,3066.25,True,False
acc_000267,Crest Advisory,enterprise,professional_services,mid,paid_search,3,355,67658.1,False,False
acc_000268,Clarke & Co.,starter,healthcare,mid,partner,1,871,2068.37,True,False
acc_000269,Harvest Contractors,pro,professional_services,small,referral,3,459,17861.64,False,False
acc_000270,Argent Alliance,enterprise,professional_services,mid,paid_search,0,105,46284.33,False,False
acc_000271,Argent Management,starter,professional_services,mid,organic,1,125,5564.18,False,False
acc_000272,Ridgeway Solutions,enterprise,financial_services,small,paid_search,6,224,71226.2,False,False
acc_000273,Okafor Ltd,starter,financial_services,mid,organic,1,187,2022.89,True,False
acc_000274,Solano Partners,pro,financial_services,small,outbound,3,113,24875.38,False,False
acc_000275,Jensen & Associates,pro,healthcare,small,referral,3,221,8892.34,False,False
acc_000276,Pacific Health,starter,professional_services,small,outbound,0,857,5321.61,False,False
acc_000277,Costa Ltd,enterprise,legal,large,outbound,6,110,83972.19,False,False
acc_000278,Sable Advisory,pro,construction,small,organic,1,207,24169.21,True,False
acc_000279,Concord Alliance,enterprise,construction,mid,referral,1,774,52062.15,False,False
acc_000280,O'Brien & Associates,enterprise,professional_services,mid,outbound,6,459,37277.82,False,False
acc_000281,Argent Solutions,pro,financial_services,small,outbound,3,382,13282.73,False,False
acc_000282,Halcyon Group,pro,construction,mid,referral,2,435,21810.28,False,False
acc_000283,Thompson Inc.,starter,professional_services,small,organic,0,742,2806.31,False,False
acc_000284,Murphy & Partners,pro,construction,small,paid_search,3,873,22818.9,False,False
acc_000285,Concord Group,starter,professional_services,small,organic,0,566,3156.58,False,False
acc_000286,Westbrook Holdings,enterprise,professional_services,small,organic,6,547,67395.41,False,True
acc_000287,Nguyen & Partners,starter,professional_services,mid,referral,0,197,3710.42,False,True
acc_000288,Apex Advisory,pro,professional_services,small,referral,0,50,17481.94,True,False
acc_000289,Ridgeway Health,starter,professional_services,small,partner,1,688,7372.9,False,False
acc_000290,Kim & Associates,pro,construction,mid,paid_search,2,708,19229.14,False,False
acc_000291,Costa Ltd,starter,healthcare,small,referral,0,701,2899.58,False,False
acc_000292,Trellis Professional,pro,healthcare,small,paid_search,2,539,13188.53,False,False
acc_000293,Patel & Co.,starter,professional_services,small,outbound,1,833,5043.89,False,False
acc_000294,Ridgeway Associates,starter,financial_services,small,organic,1,811,5926.61,True,False
acc_000295,Kim & Partners,pro,healthcare,small,referral,3,150,9073.54,False,False
acc_000296,Kim & Partners,pro,professional_services,small,referral,1,85,10747.31,False,False
acc_000297,Argent Management,starter,professional_services,mid,outbound,1,676,5806.99,True,False
acc_000298,Meridian Capital,pro,legal,mid,paid_search,3,659,20669.75,False,False
acc_000299,Clarke & Co.,starter,healthcare,small,referral,0,883,6060.49,False,True
acc_000300,Reyes Inc.,starter,healthcare,mid,paid_search,1,873,7690.78,False,False
acc_000301,Vantage Advisory,enterprise,healthcare,large,referral,2,222,86781.23,False,False
acc_000302,Meridian Health,pro,construction,small,referral,3,696,25530.88,False,False
acc_000303,Okafor & Associates,starter,professional_services,small,paid_search,0,484,5283.69,False,True
acc_000304,O'Brien & Co.,starter,professional_services,mid,referral,1,650,6983.92,True,False
acc_000305,Nexus Legal,starter,financial_services,small,paid_search,1,299,6220.62,False,True
acc_000306,O'Brien & Co.,enterprise,healthcare,small,outbound,7,143,37246.96,False,False
acc_000307,Sterling Associates,pro,legal,large,referral,0,81,24263.57,False,False
acc_000308,Crest Services,pro,financial_services,mid,paid_search,1,171,14573.22,False,False
acc_000309,Patel & Associates,pro,financial_services,small,partner,3,308,21798.05,False,False
acc_000310,Westbrook Associates,starter,professional_services,large,organic,1,136,7467.36,False,False
acc_000311,Solano Health,pro,construction,large,organic,3,774,26407.96,False,False
acc_000312,Prism Holdings,starter,professional_services,mid,organic,1,620,5114.6,False,False
acc_000313,Fischer Pty Ltd,starter,professional_services,small,organic,0,601,5860.39,True,False
acc_000314,Concord Holdings,enterprise,financial_services,mid,paid_search,8,314,41807.8,False,False
acc_000315,Meridian Capital,pro,legal,large,referral,3,151,22904.78,True,False
acc_000316,Sterling Services,pro,professional_services,mid,partner,2,682,25802.22,False,False
acc_000317,Summit Contractors,pro,professional_services,mid,referral,4,815,19999.02,False,False
acc_000318,Kim & Partners,pro,financial_services,small,outbound,2,849,18953.81,False,False
acc_000319,Leung & Co.,pro,professional_services,small,referral,0,230,26604.33,False,False
acc_000320,Harris Ltd,starter,legal,large,organic,1,632,4744.33,False,False
acc_000321,Jensen & Co.,pro,construction,small,outbound,4,550,11473.01,False,False
acc_000322,Patel Pty Ltd,pro,healthcare,large,partner,2,810,15957.4,False,False
acc_000323,Westbrook Legal,pro,professional_services,mid,organic,2,590,22237.49,False,False
acc_000324,Okafor Inc.,starter,healthcare,mid,partner,1,695,6262.12,False,False
acc_000325,Meridian Advisory,pro,professional_services,mid,referral,3,897,24166.1,False,True
acc_000326,Harris & Co.,starter,professional_services,large,outbound,0,179,6143.57,True,False
acc_000327,Leung Inc.,pro,financial_services,large,organic,4,259,15777.73,False,False
acc_000328,Costa Pty Ltd,starter,healthcare,small,organic,0,731,2077.79,True,False
acc_000329,Thompson Pty Ltd,pro,mixed,mid,outbound,4,803,18932.3,False,False
acc_000330,Argent Management,starter,professional_services,small,paid_search,1,556,2243.81,True,False
acc_000331,Fischer Inc.,pro,financial_services,mid,partner,1,70,26572.56,False,False
acc_000332,Pacific Capital,starter,professional_services,mid,paid_search,0,754,7741.93,False,False
acc_000333,Pacific Professional,pro,healthcare,large,outbound,2,369,13871.49,False,False
acc_000334,Reyes & Associates,pro,construction,small,referral,4,276,26372.15,False,True
acc_000335,Crest Partners,starter,legal,small,partner,1,871,4920.83,False,False
acc_000336,Summit Advisory,starter,mixed,mid,paid_search,0,97,6022.01,False,False
acc_000337,Argent Contractors,pro,professional_services,large,organic,1,692,8475.06,False,True
acc_000338,Murphy & Associates,starter,financial_services,mid,partner,1,447,5781.3,False,True
acc_000339,Crest Solutions,pro,construction,mid,outbound,2,747,26560.96,False,False
acc_000340,Thompson Inc.,pro,legal,small,outbound,4,515,12397.31,False,False
acc_000341,Westbrook Associates,starter,professional_services,large,organic,0,776,5321.15,False,True
acc_000342,Argent Advisory,pro,mixed,small,organic,2,773,12234.74,False,False
acc_000343,Summit Advisory,pro,healthcare,small,outbound,4,610,17225.3,False,False
acc_000344,Harvest Holdings,pro,legal,small,paid_search,0,701,13702.74,True,False
acc_000345,Prism Legal,starter,professional_services,mid,paid_search,1,610,7751.95,True,False
acc_000346,Pacific Partners,pro,legal,mid,paid_search,2,780,25557.72,False,False
acc_000347,Apex Professional,starter,construction,mid,organic,0,173,3579.41,False,True
acc_000348,Vantage Services,pro,financial_services,mid,referral,0,634,19031.88,False,False
acc_000349,Apex Health,starter,professional_services,mid,organic,1,167,5006.74,True,False
acc_000350,Patel Inc.,starter,mixed,large,outbound,1,805,2955.33,False,False
acc_000351,Halcyon Associates,pro,mixed,small,organic,2,267,15388.7,True,False
acc_000352,Jensen & Partners,pro,legal,small,partner,4,361,20671.34,False,False
acc_000353,Halcyon Holdings,starter,healthcare,mid,organic,1,109,4257.97,False,False
acc_000354,Halcyon Management,pro,professional_services,small,organic,1,480,9541.76,False,False
acc_000355,Reyes & Associates,pro,financial_services,small,organic,3,767,21504.59,False,False
acc_000356,Tandem Management,starter,financial_services,mid,paid_search,0,554,2335.47,True,False
acc_000357,Harvest Consulting,enterprise,construction,large,organic,4,871,86729.74,False,False
acc_000358,O'Brien & Partners,starter,legal,small,outbound,1,815,3006.33,False,False
acc_000359,Jensen & Associates,starter,financial_services,small,outbound,0,546,5633.07,True,False
acc_000360,Okafor Inc.,enterprise,legal,mid,paid_search,2,705,83923.05,False,True
acc_000361,Costa Inc.,pro,legal,large,outbound,3,469,23791.11,False,False
acc_000362,Apex Management,pro,legal,small,organic,2,115,19965.85,False,False
acc_000363,Thompson Ltd,pro,legal,small,paid_search,2,853,16176.9,False,False
acc_000364,Kim & Co.,pro,healthcare,small,outbound,3,803,19042.1,False,False
acc_000365,Nexus Capital,enterprise,construction,mid,referral,1,171,74364.48,False,False
acc_000366,Kim Ltd,pro,healthcare,mid,outbound,1,753,15782.07,False,False
acc_000367,Westbrook Group,pro,financial_services,small,paid_search,3,68,26613.7,False,False
acc_000368,Nguyen Ltd,enterprise,professional_services,mid,referral,8,236,45732.4,False,False
acc_000369,Murphy & Associates,starter,financial_services,small,paid_search,1,191,6678.04,False,False
acc_000370,Westbrook Advisory,pro,financial_services,small,referral,4,879,26300.18,False,False
acc_000371,Thompson Ltd,pro,legal,small,paid_search,4,548,9447.72,False,False
acc_000372,Concord Alliance,pro,construction,mid,partner,3,606,23399.34,False,False
acc_000373,Leung & Co.,pro,financial_services,small,paid_search,1,678,24003.23,False,False
acc_000374,Nexus Holdings,starter,financial_services,mid,organic,0,107,4859.33,False,False
acc_000375,Crest Health,pro,financial_services,small,referral,1,264,24726.69,False,False
acc_000376,Jensen & Co.,enterprise,legal,small,organic,7,73,51014.19,False,False
acc_000377,Harris Ltd,pro,mixed,large,referral,4,257,10564.92,False,False
acc_000378,Reyes Ltd,starter,professional_services,mid,outbound,1,153,3893.91,True,False
acc_000379,Nexus Associates,starter,healthcare,large,paid_search,1,299,4828.07,False,False
acc_000380,Solano Contractors,pro,healthcare,large,referral,4,214,10622.78,False,False
acc_000381,Orion Capital,starter,legal,small,paid_search,1,786,6834.01,True,False
acc_000382,Summit Holdings,pro,professional_services,small,outbound,3,611,9979.5,False,False
acc_000383,Jensen & Partners,pro,healthcare,small,outbound,2,859,14882.81,False,False
acc_000384,Crest Associates,pro,construction,mid,partner,2,321,14501.81,False,False
acc_000385,O'Brien & Partners,pro,legal,large,organic,2,685,16436.33,False,False
acc_000386,Murphy Pty Ltd,starter,healthcare,mid,organic,1,649,7326.15,False,False
acc_000387,Summit Partners,pro,financial_services,small,organic,2,707,26808.75,False,False
acc_000388,Reyes & Co.,starter,professional_services,mid,paid_search,0,436,3574.71,True,False
acc_000389,Fischer Pty Ltd,starter,professional_services,small,paid_search,0,569,2210.93,True,False
acc_000390,Jensen Pty Ltd,pro,professional_services,large,outbound,4,168,11540.73,False,False
acc_000391,Apex Capital,pro,construction,small,referral,0,582,16837.21,False,False
acc_000392,Ridgeway Management,pro,professional_services,small,outbound,3,38,26939.15,False,True
acc_000393,Nguyen & Co.,starter,financial_services,small,referral,1,604,3499.38,False,False
acc_000394,Crest Consulting,starter,construction,mid,organic,1,657,5890.74,False,False
acc_000395,Harris & Partners,starter,financial_services,mid,outbound,0,747,3923.86,True,False
acc_000396,Sable Solutions,enterprise,healthcare,small,referral,3,38,33592.21,True,False
acc_000397,Tandem Partners,pro,legal,small,outbound,2,62,9604.46,False,False
acc_000398,Nguyen Inc.,pro,financial_services,large,referral,0,420,27491.97,False,False
acc_000399,Meridian Legal,enterprise,financial_services,mid,paid_search,3,711,57315.18,False,False
acc_000400,Sable Services,enterprise,legal,small,outbound,5,233,83026.21,False,False
acc_000401,Crest Advisory,starter,professional_services,mid,referral,0,278,5486.46,False,False
acc_000402,O'Brien & Partners,starter,financial_services,mid,partner,0,807,4133.11,True,False
acc_000403,Vantage Solutions,pro,healthcare,mid,outbound,3,385,22663.78,True,False
acc_000404,Thompson Ltd,enterprise,legal,small,referral,7,743,39766.1,False,False
acc_000405,Leung & Partners,enterprise,construction,small,paid_search,4,332,61579.57,False,False
acc_000406,Patel Ltd,enterprise,construction,small,outbound,8,358,78781.08,False,False
acc_000407,Nguyen & Associates,starter,legal,small,paid_search,0,704,7011.16,True,False
acc_000408,Westbrook Legal,pro,financial_services,mid,organic,3,703,18516.43,False,False
acc_000409,Reyes & Co.,starter,mixed,small,outbound,1,882,6806.12,True,False
acc_000410,Prism Capital,pro,financial_services,mid,outbound,2,781,9558.71,False,False
acc_000411,Reyes & Associates,starter,financial_services,mid,outbound,0,213,6597.7,False,False
acc_000412,Reyes Inc.,starter,financial_services,small,referral,1,191,7414.91,False,False
acc_000413,Kim Pty Ltd,pro,professional_services,mid,outbound,3,249,23314.16,False,False
acc_000414,Solano Alliance,starter,financial_services,small,paid_search,1,168,2039.41,False,False
acc_000415,Nguyen & Co.,pro,construction,large,paid_search,3,68,15113.12,False,False
acc_000416,Jensen & Associates,pro,financial_services,small,partner,2,781,23858.08,False,False
acc_000417,Summit Professional,pro,healthcare,mid,outbound,0,110,26437.43,False,False
acc_000418,Clarke Ltd,pro,professional_services,mid,partner,3,679,9082.56,False,False
acc_000419,Patel & Partners,pro,financial_services,mid,partner,4,486,19505.1,False,False
acc_000420,Pacific Advisory,starter,legal,mid,outbound,1,298,5010.94,False,True
acc_000421,Clarke Inc.,pro,professional_services,small,outbound,4,783,12924.92,True,False
acc_000422,Halcyon Management,enterprise,financial_services,mid,referral,3,386,47885.78,False,True
acc_000423,Meridian Advisory,pro,professional_services,mid,referral,1,867,21707.18,False,False
acc_000424,Nexus Legal,enterprise,mixed,large,organic,5,44,71015.3,False,False
acc_000425,Trellis Alliance,pro,financial_services,mid,referral,4,524,22598.47,False,False
acc_000426,Solano Health,pro,financial_services,small,referral,4,838,13425.63,False,False
acc_000427,Sterling Holdings,enterprise,professional_services,large,paid_search,6,694,42332.45,False,False
acc_000428,Clarke Pty Ltd,enterprise,legal,small,outbound,8,498,85433.7,False,False
acc_000429,Solano Alliance,starter,financial_services,small,referral,0,670,7975.97,False,False
acc_000430,Murphy Inc.,starter,mixed,large,partner,0,316,4050.72,False,True
acc_000431,Nguyen Inc.,pro,construction,small,paid_search,3,186,27410.74,False,False
acc_000432,Patel & Co.,starter,legal,mid,organic,1,346,7974.11,False,True
acc_000433,Concord Legal,starter,legal,mid,paid_search,0,889,6592.61,False,False
acc_000434,Thompson Ltd,enterprise,professional_services,large,referral,3,827,34619.83,False,False
acc_000435,Patel Pty Ltd,pro,financial_services,small,outbound,3,397,10681.73,False,False
acc_000436,Nexus Partners,pro,financial_services,small,paid_search,2,812,27003.96,False,False
acc_000437,Fischer Pty Ltd,starter,mixed,small,outbound,1,734,7325.52,False,False
acc_000438,Concord Professional,pro,healthcare,large,outbound,4,579,20827.88,False,True
acc_000439,Concord Associates,enterprise,professional_services,small,outbound,8,782,52018.67,False,False
acc_000440,Orion Partners,enterprise,professional_services,small,paid_search,8,331,84027.89,False,False
acc_000441,Leung & Partners,starter,construction,large,outbound,1,432,4705.32,True,False
acc_000442,Halcyon Partners,enterprise,financial_services,small,outbound,2,758,72539.23,False,False
acc_000443,Sterling Management,pro,healthcare,mid,outbound,3,193,19006.92,True,False
acc_000444,Argent Partners,enterprise,professional_services,small,paid_search,6,817,47099.86,False,False
acc_000445,Kim & Partners,enterprise,mixed,small,organic,7,42,58852.91,False,False
acc_000446,Fischer & Partners,starter,professional_services,mid,referral,0,645,7293.01,True,False
acc_000447,Argent Consulting,starter,financial_services,mid,paid_search,1,63,3986.67,True,False
acc_000448,O'Brien & Co.,pro,construction,mid,outbound,4,836,11548.39,False,False
acc_000449,Clarke Ltd,starter,professional_services,mid,organic,1,893,4824.9,True,False
acc_000450,Leung & Co.,pro,financial_services,small,paid_search,4,615,27743.79,False,False
acc_000451,Kim Pty Ltd,pro,professional_services,small,outbound,2,668,26542.11,False,False
acc_000452,Costa Ltd,pro,professional_services,small,referral,0,228,8479.74,False,True
acc_000453,Thompson & Co.,enterprise,legal,small,outbound,3,682,28700.43,False,False
acc_000454,Sterling Professional,pro,healthcare,small,outbound,3,379,22487.93,False,True
acc_000455,Kim Pty Ltd,starter,professional_services,large,organic,1,691,2932.32,False,False
acc_000456,Clarke & Co.,enterprise,financial_services,mid,outbound,5,724,62420.99,True,False
acc_000457,Thompson Inc.,starter,financial_services,mid,referral,1,414,3124.27,True,False
acc_000458,Summit Services,enterprise,professional_services,small,paid_search,5,273,56018.19,False,False
acc_000459,Orion Solutions,pro,professional_services,large,referral,3,55,26099.12,False,False
acc_000460,Harris & Co.,pro,financial_services,large,organic,1,558,22491.41,False,False
acc_000461,Thompson Inc.,enterprise,professional_services,mid,paid_search,1,508,60275.82,False,False
acc_000462,Westbrook Capital,enterprise,healthcare,small,referral,7,356,69609.69,False,False
acc_000463,Murphy Pty Ltd,pro,financial_services,small,referral,2,174,19481.66,False,False
acc_000464,Jensen Inc.,starter,financial_services,large,paid_search,0,422,4558.79,True,False
acc_000465,O'Brien Inc.,pro,professional_services,mid,referral,4,867,9570.91,False,False
acc_000466,Clarke Pty Ltd,pro,legal,mid,organic,3,506,12633.88,False,False
acc_000467,Argent Solutions,starter,mixed,small,organic,1,362,2181.58,False,False
acc_000468,Concord Associates,pro,construction,small,paid_search,2,867,19123.0,True,False
acc_000469,Sable Management,pro,financial_services,small,paid_search,3,523,9321.2,False,False
acc_000470,Summit Professional,pro,legal,small,outbound,4,109,24734.96,False,False
acc_000471,O'Brien & Partners,pro,healthcare,small,outbound,4,731,23426.87,False,False
acc_000472,Kim & Partners,pro,professional_services,large,outbound,1,30,21217.63,False,False
acc_000473,Jensen Ltd,starter,professional_services,small,organic,1,725,6306.75,False,False
acc_000474,Fischer & Associates,pro,financial_services,small,referral,0,592,22067.08,False,False
acc_000475,Vantage Advisory,starter,professional_services,small,referral,1,421,4611.14,True,False
acc_000476,Okafor Pty Ltd,pro,professional_services,small,referral,1,325,8232.06,False,False
acc_000477,Reyes & Co.,enterprise,financial_services,small,organic,6,496,66641.41,False,False
acc_000478,Jensen Pty Ltd,starter,legal,small,outbound,1,778,4465.03,False,False
acc_000479,Crest Capital,pro,financial_services,mid,outbound,4,175,27671.58,False,False
acc_000480,Apex Holdings,enterprise,financial_services,mid,organic,8,714,77482.09,False,False
acc_000481,Leung & Co.,pro,mixed,mid,referral,2,391,13784.17,True,False
acc_000482,Thompson Pty Ltd,pro,construction,small,outbound,4,203,9032.4,False,False
acc_000483,Jensen Inc.,starter,legal,large,referral,1,165,3651.3,False,False
acc_000484,Patel Ltd,starter,legal,mid,referral,1,747,3084.86,False,True
acc_000485,Halcyon Group,enterprise,financial_services,mid,partner,6,818,42752.74,False,False
acc_000486,Reyes Inc.,pro,professional_services,small,paid_search,3,438,14027.34,False,False
acc_000487,Okafor & Associates,pro,legal,small,organic,2,42,26544.45,False,False
acc_000488,Kim Inc.,starter,legal,small,organic,1,655,3621.96,False,False
acc_000489,Summit Capital,pro,professional_services,mid,paid_search,2,375,18952.25,False,False
acc_000490,Fischer & Partners,starter,legal,small,referral,0,227,5716.38,True,False
acc_000491,Patel & Associates,enterprise,construction,mid,paid_search,2,649,51309.42,False,False
acc_000492,Costa & Co.,pro,healthcare,mid,partner,3,684,26453.91,False,False
acc_000493,Nexus Management,starter,professional_services,small,paid_search,0,427,3549.43,False,True
acc_000494,Trellis Legal,starter,construction,small,outbound,0,471,7475.66,False,True
acc_000495,Reyes Ltd,starter,legal,large,paid_search,0,685,5987.64,True,False
acc_000496,Trellis Capital,starter,professional_services,mid,outbound,0,443,2019.84,False,False
acc_000497,Ridgeway Health,enterprise,healthcare,mid,referral,5,677,61146.83,False,True
acc_000498,Leung & Partners,starter,construction,large,outbound,0,336,5783.7,False,True
acc_000499,Costa Pty Ltd,starter,financial_services,mid,outbound,0,530,6756.44,False,False
acc_000500,Pacific Consulting,enterprise,financial_services,small,referral,6,768,35327.6,False,False
acc_000501,Harris & Partners,pro,financial_services,small,organic,3,530,26143.58,False,False
acc_000502,Jensen & Partners,pro,mixed,mid,paid_search,4,655,9279.15,False,False
acc_000503,Nexus Contractors,starter,financial_services,small,organic,1,785,2724.81,False,False
acc_000504,Harris & Partners,starter,financial_services,small,referral,0,805,6177.77,False,False
acc_000505,Leung Inc.,starter,professional_services,mid,organic,1,46,2484.34,True,False
acc_000506,Argent Management,pro,healthcare,mid,organic,1,517,10861.76,False,False
acc_000507,Summit Capital,pro,construction,mid,outbound,2,120,14957.07,True,False
acc_000508,Summit Contractors,enterprise,construction,large,partner,3,549,56781.39,False,False
acc_000509,Sterling Management,starter,professional_services,large,outbound,0,193,5869.17,True,False
acc_000510,Leung Pty Ltd,pro,professional_services,small,organic,1,580,23709.84,False,False
acc_000511,Fischer & Partners,pro,healthcare,small,outbound,0,363,14522.64,True,False
acc_000512,Nexus Health,starter,financial_services,mid,outbound,0,476,7567.32,False,False
acc_000513,Sterling Advisory,starter,healthcare,small,paid_search,1,612,2819.01,False,False
acc_000514,Orion Holdings,enterprise,construction,mid,outbound,2,656,63843.53,False,False
acc_000515,Jensen & Partners,enterprise,financial_services,mid,outbound,6,44,73643.09,False,False
acc_000516,Fischer & Associates,enterprise,professional_services,small,paid_search,8,511,30084.47,False,False
acc_000517,O'Brien & Associates,pro,financial_services,mid,paid_search,3,779,26998.68,False,False
acc_000518,Reyes & Partners,pro,healthcare,mid,organic,4,795,8488.27,False,False
acc_000519,Solano Legal,pro,healthcare,mid,outbound,3,672,25868.69,False,True
acc_000520,Harris & Associates,enterprise,legal,mid,organic,5,112,73617.17,False,False
acc_000521,Leung Ltd,starter,legal,small,referral,0,693,2830.43,False,False
acc_000522,Halcyon Services,enterprise,professional_services,mid,organic,5,358,83671.85,False,False
acc_000523,Leung & Associates,pro,legal,mid,outbound,4,574,25989.02,False,False
acc_000524,Kim & Partners,starter,professional_services,small,referral,0,213,2656.19,True,False
acc_000525,Harris & Co.,enterprise,legal,mid,referral,8,728,85766.73,False,False
acc_000526,Orion Professional,starter,financial_services,mid,organic,1,562,5472.23,False,False
acc_000527,Patel & Co.,pro,legal,mid,organic,2,343,12535.64,False,False
acc_000528,Patel & Partners,starter,mixed,mid,paid_search,0,578,7839.24,False,False
acc_000529,Patel & Co.,starter,financial_services,small,paid_search,0,296,3230.93,False,False
acc_000530,Patel & Associates,pro,mixed,mid,paid_search,3,55,26621.38,False,False
acc_000531,Okafor & Partners,enterprise,legal,mid,outbound,7,332,83550.6,False,False
acc_000532,Tandem Management,pro,professional_services,large,referral,3,145,26003.49,False,False
acc_000533,Crest Capital,pro,legal,small,paid_search,4,686,18528.68,False,False
acc_000534,Clarke Pty Ltd,pro,professional_services,large,partner,3,433,14355.16,False,False
acc_000535,Concord Legal,starter,professional_services,small,referral,1,321,3848.51,False,False
acc_000536,Harvest Professional,enterprise,professional_services,small,organic,6,464,36653.2,False,False
acc_000537,Leung Ltd,pro,healthcare,large,outbound,0,414,16189.21,False,False
acc_000538,Pacific Legal,pro,financial_services,small,referral,3,597,8844.66,False,False
acc_000539,Prism Group,pro,financial_services,small,referral,3,685,10483.54,False,False
acc_000540,Summit Services,starter,healthcare,large,paid_search,1,793,5393.45,False,False
acc_000541,Solano Services,pro,construction,mid,paid_search,1,89,14393.62,False,False
acc_000542,Patel Ltd,pro,mixed,small,referral,4,572,11876.3,False,False
acc_000543,Ridgeway Services,starter,healthcare,mid,organic,0,307,5206.52,False,True
acc_000544,Fischer Ltd,pro,legal,large,paid_search,4,253,12422.27,False,False
acc_000545,Halcyon Solutions,pro,professional_services,mid,organic,3,457,26320.62,False,False
acc_000546,Vantage Professional,pro,financial_services,small,partner,2,565,11444.14,False,False
acc_000547,Costa Pty Ltd,pro,professional_services,small,paid_search,3,110,21816.36,False,True
acc_000548,Costa & Associates,starter,financial_services,mid,outbound,1,90,2713.53,False,True
acc_000549,Trellis Services,pro,mixed,small,partner,2,219,8585.18,False,False
acc_000550,Thompson & Partners,starter,professional_services,mid,outbound,0,547,6917.52,False,False
acc_000551,Summit Consulting,enterprise,legal,large,paid_search,8,249,80780.4,False,False
acc_000552,Leung & Co.,pro,mixed,small,outbound,2,447,10472.31,False,False
acc_000553,Pacific Associates,pro,financial_services,small,paid_search,3,320,20007.79,False,False
acc_000554,Concord Capital,starter,professional_services,small,paid_search,1,891,3075.78,False,False
acc_000555,Reyes & Associates,pro,financial_services,small,referral,1,634,9294.21,False,False
acc_000556,Murphy & Co.,starter,legal,mid,organic,1,814,4136.58,False,False
acc_000557,Apex Consulting,starter,legal,small,outbound,0,266,2597.62,True,False
acc_000558,Ridgeway Health,starter,professional_services,small,outbound,0,128,5966.48,False,False
acc_000559,O'Brien Pty Ltd,pro,legal,mid,organic,4,583,8353.41,False,False
acc_000560,Sable Consulting,pro,professional_services,small,paid_search,4,211,21188.22,False,False
acc_000561,Solano Holdings,starter,healthcare,mid,outbound,1,532,5373.53,True,False
acc_000562,Trellis Group,pro,healthcare,mid,organic,2,321,9228.48,False,False
acc_000563,Jensen & Associates,pro,construction,small,referral,3,395,15025.39,False,False
acc_000564,Reyes & Co.,enterprise,financial_services,small,referral,8,50,48219.24,False,False
acc_000565,Clarke Pty Ltd,starter,legal,small,referral,1,614,5435.23,False,True
acc_000566,Pacific Advisory,pro,professional_services,small,outbound,3,402,12035.17,False,False
acc_000567,Reyes & Partners,starter,financial_services,large,referral,0,261,5551.19,False,False
acc_000568,Pacific Consulting,starter,financial_services,mid,outbound,1,337,3200.46,False,False
acc_000569,Pacific Contractors,enterprise,construction,mid,paid_search,3,541,68969.99,False,False
acc_000570,Costa & Co.,pro,professional_services,small,outbound,4,671,12012.96,False,False
acc_000571,Nguyen Pty Ltd,pro,legal,large,partner,3,679,13338.7,False,False
acc_000572,Argent Solutions,starter,financial_services,small,organic,1,347,5358.95,False,False
acc_000573,Clarke Ltd,starter,healthcare,mid,outbound,1,210,6693.4,True,False
acc_000574,Orion Alliance,starter,financial_services,large,organic,1,717,7658.97,False,True
acc_000575,Sterling Services,starter,professional_services,mid,organic,1,567,7307.39,True,False
acc_000576,Trellis Group,pro,professional_services,mid,organic,1,463,10136.28,False,False
acc_000577,Clarke Pty Ltd,pro,healthcare,large,referral,3,463,21654.77,False,False
acc_000578,Thompson Inc.,pro,professional_services,small,partner,0,650,21813.65,False,False
acc_000579,Thompson & Co.,enterprise,healthcare,mid,paid_search,7,272,52085.2,False,False
acc_000580,Crest Professional,starter,professional_services,small,paid_search,1,194,7276.8,False,False
acc_000581,Murphy & Associates,pro,legal,mid,partner,3,370,25535.22,False,False
acc_000582,Vantage Group,starter,construction,mid,organic,0,494,5848.24,True,False
acc_000583,Westbrook Health,pro,construction,small,paid_search,4,191,22271.28,False,False
acc_000584,Crest Associates,pro,mixed,mid,organic,2,166,11469.58,False,False
acc_000585,O'Brien Pty Ltd,starter,healthcare,small,organic,0,614,7688.66,False,False
acc_000586,Orion Associates,starter,professional_services,small,referral,0,469,2534.37,False,False
acc_000587,Reyes & Partners,pro,mixed,mid,outbound,1,259,26921.05,False,False
acc_000588,Nguyen Ltd,pro,financial_services,small,organic,3,774,11607.4,False,True
acc_000589,Nexus Legal,pro,financial_services,mid,outbound,0,117,17377.63,False,False
acc_000590,Jensen Inc.,starter,legal,mid,paid_search,0,600,3997.18,True,False
acc_000591,Pacific Group,enterprise,construction,mid,paid_search,8,289,66418.79,False,False
acc_000592,Meridian Consulting,pro,healthcare,mid,partner,0,509,14346.35,False,False
acc_000593,Murphy & Co.,pro,mixed,small,referral,2,470,26055.85,False,False
acc_000594,Vantage Group,pro,financial_services,mid,outbound,4,184,25060.67,False,False
acc_000595,Harvest Partners,starter,financial_services,small,organic,1,476,2244.75,False,False
acc_000596,Nguyen Ltd,pro,professional_services,small,paid_search,1,320,22998.73,False,False
acc_000597,Summit Associates,enterprise,financial_services,mid,paid_search,3,108,75631.71,False,False
acc_000598,Thompson Ltd,starter,mixed,small,referral,0,59,4761.4,False,False
acc_000599,Patel & Partners,pro,healthcare,small,outbound,2,493,26948.37,False,False
